paymentSource,blockNumber,timeStamp,hash,from,to,tokenContract,tokenSymbol,rawValue,amountMON,traceId,isError,hasNftTransfer,hasSecondaryNftTransfer,nftTransferCount,nftSecondaryTransferCount,nftTokenIds,nftSecondaryTokenIds,receiptStatus,error
NATIVE_INTERNAL,67226192,1775835586,0x97528e693302391f7b4fa6a09f058db5ca4920ec0ceede15333c5d8e8ffbdce5,0x0000000000000068f116a894984e2db1123eb395,0x40ea55e0b8f02f8ebc9d91e082e202ed988647fa,native,MON,150000000000000000000,150,0_1_1_1,0,true,true,1,1,341,341,0x1,
NATIVE_INTERNAL,67226461,1775835693,0x7eef6186ed02953b11393ab14e2566358dbed03c728010df05fd69e1a9d9f998,0x0000000000000068f116a894984e2db1123eb395,0x40ea55e0b8f02f8ebc9d91e082e202ed988647fa,native,MON,180000000000000000000,180,0_1,0,true,true,1,1,210,210,0x1,
WMON_ERC20,67226646,1775835767,0xf0fa6cde648ea5c049bc06645d50a69335affe0f0b792987be1a095b1b5aa862,0x5935ba4be0d2abe85f5d8fbeb89325ef281f12fc,0x40ea55e0b8f02f8ebc9d91e082e202ed988647fa,0x3bd359c1119da7da1d913d1c4d2b7c461115433a,WMON,135000000000000000000,135,,0,true,true,1,1,200,200,0x1,
WMON_ERC20,67229047,1775836730,0x9b10fbe192bcfceba1bdc719bc39c3fa9a4933351e84a3f5d615e7368380c31f,0xc980c64971aa070ffe2074ed8e611eedbac1c9f9,0x40ea55e0b8f02f8ebc9d91e082e202ed988647fa,0x3bd359c1119da7da1d913d1c4d2b7c461115433a,WMON,75050000000000000000,75.05,,0,true,true,1,1,384,384,0x1,
NATIVE_INTERNAL,67229072,1775836740,0x46e261afcdaf1019805b7547005fb8453fc6e7e047a26c87ab962fe626a17471,0x0000000000000068f116a894984e2db1123eb395,0x40ea55e0b8f02f8ebc9d91e082e202ed988647fa,native,MON,102500000000000000000,102.5,0_1_1_1,0,true,true,1,1,477,477,0x1,
WMON_ERC20,67231001,1775837524,0xd4251caeeccdca40edb7805e594e07a0811d953a996434dc3905648184ae1607,0xcb7db076b6b12dd5aafc2dee4f2af23bf66742d7,0x40ea55e0b8f02f8ebc9d91e082e202ed988647fa,0x3bd359c1119da7da1d913d1c4d2b7c461115433a,WMON,80100000000000000000,80.1,,0,true,true,1,1,459,459,0x1,
WMON_ERC20,67231459,1775837708,0xc35ac640beb85e61588fac3f3fd21fd7cb8d93da91be00929cc61331befa5ee3,0xbcc24929108278944aa180ff8322b900356f7701,0x40ea55e0b8f02f8ebc9d91e082e202ed988647fa,0x3bd359c1119da7da1d913d1c4d2b7c461115433a,WMON,80000000000000000000,80,,0,true,true,1,1,450,450,0x1,
WMON_ERC20,67232175,1775837993,0x9c083cfadc175b5b485cec400abd199d4a1b2abfbd2cc056b39ae2791a51d819,0xbcc24929108278944aa180ff8322b900356f7701,0x40ea55e0b8f02f8ebc9d91e082e202ed988647fa,0x3bd359c1119da7da1d913d1c4d2b7c461115433a,WMON,80000000000000000000,80,,0,true,true,1,1,549,549,0x1,
NATIVE_INTERNAL,67232617,1775838169,0xd4eaec050cf37445ba3113f8e0a8951269d9bf2192ae0e2db77cda6cc979e9af,0x0000000000000068f116a894984e2db1123eb395,0x40ea55e0b8f02f8ebc9d91e082e202ed988647fa,native,MON,100000000000000000000,100,0_1_1_1,0,true,true,1,1,256,256,0x1,
WMON_ERC20,67232694,1775838201,0xf2bf71ee8d2a8b1e912c867b8cf3a635b71e07c0e7b4701b5a4b3b69bc3c98ec,0xcb7db076b6b12dd5aafc2dee4f2af23bf66742d7,0x40ea55e0b8f02f8ebc9d91e082e202ed988647fa,0x3bd359c1119da7da1d913d1c4d2b7c461115433a,WMON,80050000000000000000,80.05,,0,true,true,1,1,335,335,0x1,
WMON_ERC20,67233339,1775838460,0x9059f4c2ff450d3823b14807ac3d5f700605cd9c12b0d0bfa71296b30a5a210e,0x9b65a3fe1b29612f8ca2f11c5c3b58739b09a882,0x40ea55e0b8f02f8ebc9d91e082e202ed988647fa,0x3bd359c1119da7da1d913d1c4d2b7c461115433a,WMON,75150000000000000000,75.15,,0,true,true,1,1,315,315,0x1,
NATIVE_INTERNAL,67234517,1775838936,0xb585aad118d2855ca549423aaaf5f9b684f3f9674a04e8f13a24fd3888d7daef,0x0000000000000068f116a894984e2db1123eb395,0x40ea55e0b8f02f8ebc9d91e082e202ed988647fa,native,MON,99200000000000000000,99.2,0_1,0,true,true,1,1,187,187,0x1,
NATIVE_INTERNAL,67234689,1775839005,0x4b4cca6a3b1e16b6494211ce8b8d85bc5aad2a846e4b2be0514ca5f26a05dcac,0x0000000000000068f116a894984e2db1123eb395,0x40ea55e0b8f02f8ebc9d91e082e202ed988647fa,native,MON,100000000000000000000,100,0_1,0,true,true,1,1,257,257,0x1,
NATIVE_INTERNAL,67234763,1775839035,0x02bee9c20e756105558386d499ca866c46af338e1958b3161d811897f5d7ec45,0x0000000000000068f116a894984e2db1123eb395,0x40ea55e0b8f02f8ebc9d91e082e202ed988647fa,native,MON,125000000000000000000,125,0_1,0,true,true,1,1,263,263,0x1,
WMON_ERC20,67234836,1775839064,0xc8497454e1fb17170c5662c908e6ba2df748fda54367f917704f4d63706c9da5,0x021e099ab6fa3be65882bb2d0752c0214d8264a3,0x40ea55e0b8f02f8ebc9d91e082e202ed988647fa,0x3bd359c1119da7da1d913d1c4d2b7c461115433a,WMON,80050000000000000000,80.05,,0,true,true,1,1,579,579,0x1,
NATIVE_INTERNAL,67234848,1775839069,0x7186215fe80f540c7eeb6c510c1c6942771f198ada4d7ff7760ad92e723363be,0x0000000000000068f116a894984e2db1123eb395,0x40ea55e0b8f02f8ebc9d91e082e202ed988647fa,native,MON,150000000000000000000,150,0_1,0,true,true,1,1,500,500,0x1,
NATIVE_INTERNAL,67235179,1775839203,0x9a01327f9b1a260cf0e523456cb3da2aedd332107bc660d0d467631eec810a9d,0x0000000000000068f116a894984e2db1123eb395,0x40ea55e0b8f02f8ebc9d91e082e202ed988647fa,native,MON,130000000000000000000,130,0_1,0,true,true,1,1,314,314,0x1,
WMON_ERC20,67242505,1775842159,0x16a0c4afd8eef611d2b27ce6bf3728cb277774a66878be236e9afb9441cb4162,0xc35b0b63fbbabbe889fd9f22aa6ec0fba6961dd0,0x40ea55e0b8f02f8ebc9d91e082e202ed988647fa,0x3bd359c1119da7da1d913d1c4d2b7c461115433a,WMON,82600000000000000000,82.6,,0,true,true,1,1,629,629,0x1,
NATIVE_INTERNAL,67242510,1775842161,0xb0b35d4a8a944487a69ee30b3d29c6cf1e1f66dfbec3af343dd0c90041146415,0x0000000000000068f116a894984e2db1123eb395,0x40ea55e0b8f02f8ebc9d91e082e202ed988647fa,native,MON,104950000000000000000,104.95,0_1,0,true,true,1,1,207,207,0x1,
NATIVE_INTERNAL,67243101,1775842402,0x4a0303c3dbc1af75edc0331324ba16e34eb28cde57bb032f8e5e469132592808,0x0000000000000068f116a894984e2db1123eb395,0x40ea55e0b8f02f8ebc9d91e082e202ed988647fa,native,MON,97450000000000000000,97.45,0_1,0,true,true,1,1,645,645,0x1,
NATIVE_INTERNAL,67244000,1775842765,0x96fe2b882bf2259a8978bc1a91306af6d54b8d817abc0e6532d48cb5f90d80e5,0x0000000000000068f116a894984e2db1123eb395,0x40ea55e0b8f02f8ebc9d91e082e202ed988647fa,native,MON,444350000000000000000,444.35,0_1,0,true,true,1,1,274,274,0x1,
NATIVE_INTERNAL,67246482,1775843768,0xc20dd10dafba9383e4678b88313c58da435dcd08dc6b78e88d1463f9e54b2acd,0x0000000000000068f116a894984e2db1123eb395,0x40ea55e0b8f02f8ebc9d91e082e202ed988647fa,native,MON,100000000000000000000,100,0_1_1_1,0,true,true,1,1,658,658,0x1,
WMON_ERC20,67247074,1775844007,0x0f2d45eaeefd69a86a4577c4d5a28e33b1f31d249c48cbf6226e92f7e11e9bbc,0x320b9017d6d6b29361b6fd3fefba363b360c4a23,0x40ea55e0b8f02f8ebc9d91e082e202ed988647fa,0x3bd359c1119da7da1d913d1c4d2b7c461115433a,WMON,82500000000000000000,82.5,,0,true,true,1,1,669,669,0x1,
WMON_ERC20,67250512,1775845390,0xed676b3e96fea9f936edeacb279f6938334fb31ed8386cf00cac0f51b74966e2,0xc35b0b63fbbabbe889fd9f22aa6ec0fba6961dd0,0x40ea55e0b8f02f8ebc9d91e082e202ed988647fa,0x3bd359c1119da7da1d913d1c4d2b7c461115433a,WMON,75200000000000000000,75.2,,0,true,true,1,1,661,661,0x1,
WMON_ERC20,67251793,1775845907,0x427340f5251574a06bd5d3c315b9fd55e65d55cd1c9c014530a6f24398433aa8,0x584ae94fd9177d42f1808a0897675cd157b11e2c,0x40ea55e0b8f02f8ebc9d91e082e202ed988647fa,0x3bd359c1119da7da1d913d1c4d2b7c461115433a,WMON,75200000000000000000,75.2,,0,true,true,1,1,580,580,0x1,
WMON_ERC20,67252247,1775846091,0x3cfe4c0242c55ceb56e100aafb8779f6c44c0a2c8390ffea73912272a78589f7,0x021e099ab6fa3be65882bb2d0752c0214d8264a3,0x40ea55e0b8f02f8ebc9d91e082e202ed988647fa,0x3bd359c1119da7da1d913d1c4d2b7c461115433a,WMON,75050000000000000000,75.05,,0,true,true,1,1,581,581,0x1,
WMON_ERC20,67252736,1775846289,0x905182d50202647ba27751c445ae6f8b412545a2fd4dd18acbed3e32a22d240c,0xe309c6b8e5af174632ddd2afcb19b5f457c2cf6d,0x40ea55e0b8f02f8ebc9d91e082e202ed988647fa,0x3bd359c1119da7da1d913d1c4d2b7c461115433a,WMON,75000000000000000000,75,,0,true,true,1,1,693,693,0x1,
WMON_ERC20,67252816,1775846321,0x4b3b8805ad8dd2e883e6efbeaf4bb4947c13198d26f6a5cf5e4ebf3b08ca7457,0xe309c6b8e5af174632ddd2afcb19b5f457c2cf6d,0x40ea55e0b8f02f8ebc9d91e082e202ed988647fa,0x3bd359c1119da7da1d913d1c4d2b7c461115433a,WMON,75000000000000000000,75,,0,true,true,1,1,684,684,0x1,
NATIVE_INTERNAL,67252935,1775846366,0x937b6c657f311774f76933ef327ab8d14f25ead7cffe6fed9bc716c387d38aca,0x0000000000000068f116a894984e2db1123eb395,0x40ea55e0b8f02f8ebc9d91e082e202ed988647fa,native,MON,89800000000000000000,89.8,0_1,0,true,true,1,1,665,665,0x1,
WMON_ERC20,67254304,1775846920,0x3a931a54f1efe598f4eccd7028792ec74209d9ff2d93844a932ee0b77399077f,0x32f8faf7797b6694a041618f33bdb5a7ef41cf61,0x40ea55e0b8f02f8ebc9d91e082e202ed988647fa,0x3bd359c1119da7da1d913d1c4d2b7c461115433a,WMON,115000000000000000000,115,,0,true,true,1,1,660,660,0x1,
WMON_ERC20,67256819,1775847936,0x80dd08ae7cbe53a38fa81616a33dd1c402d8f36760a5b7800bf169c9a7723f36,0x584ae94fd9177d42f1808a0897675cd157b11e2c,0x40ea55e0b8f02f8ebc9d91e082e202ed988647fa,0x3bd359c1119da7da1d913d1c4d2b7c461115433a,WMON,80550000000000000000,80.55,,0,true,true,1,1,701,701,0x1,
NATIVE_INTERNAL,67256934,1775847983,0x555d5872651de9f567c63dfc97e46fade4983f384bf32b00a3bafb607dbd6a5d,0x0000000000000068f116a894984e2db1123eb395,0x40ea55e0b8f02f8ebc9d91e082e202ed988647fa,native,MON,94900000000000000000,94.9,0_1,0,true,true,1,1,561,561,0x1,
WMON_ERC20,67259838,1775849157,0x28082d39cc57df0e8ccc0d2030b42c85b8fa3657d535e5f0bae0fb33fd23a9ef,0xe05f1e03f41dd2fdb05a24746da46ffc7ff1432b,0x40ea55e0b8f02f8ebc9d91e082e202ed988647fa,0x3bd359c1119da7da1d913d1c4d2b7c461115433a,WMON,85010000000000000000,85.01,,0,true,true,1,1,370,370,0x1,
NATIVE_INTERNAL,67260724,1775849515,0xe2e3d76846c3ccc55c83a40c173fe0a54bf633269bc03ccc256b7e1ac63c4a34,0x0000000000000068f116a894984e2db1123eb395,0x40ea55e0b8f02f8ebc9d91e082e202ed988647fa,native,MON,195000000000000000000,195,0_1,0,true,true,1,1,181,181,0x1,
NATIVE_INTERNAL,67264015,1775850845,0x3b41e1120b93aa6b55f6f3c857efe75c9197d29e6abf03b9f05ad7f890554ab0,0x0000000000000068f116a894984e2db1123eb395,0x40ea55e0b8f02f8ebc9d91e082e202ed988647fa,native,MON,500000000000000000000,500,0_1_1_1,0,true,true,1,1,630,630,0x1,
WMON_ERC20,67266378,1775851798,0x228af2b47b2d0eb63f20398a2c5d43510ff22b8ba254aa96f8ab2d08e6ae5e6d,0xbcc24929108278944aa180ff8322b900356f7701,0x40ea55e0b8f02f8ebc9d91e082e202ed988647fa,0x3bd359c1119da7da1d913d1c4d2b7c461115433a,WMON,80050000000000000000,80.05,,0,true,true,1,1,712,712,0x1,
NATIVE_INTERNAL,67266615,1775851895,0x157700863a18256b5b3ac11a99230a9966241e40665527e1558dcb7d462c7380,0x0000000000000068f116a894984e2db1123eb395,0x40ea55e0b8f02f8ebc9d91e082e202ed988647fa,native,MON,100000000000000000000,100,0_1,0,true,true,1,1,711,711,0x1,
NATIVE_INTERNAL,67268971,1775852842,0xf518da6d17fa1f24190f65da11fc925f51cdd963226aefb068ca0cf561ae8a8a,0x0000000000000068f116a894984e2db1123eb395,0x40ea55e0b8f02f8ebc9d91e082e202ed988647fa,native,MON,130000000000000000000,130,0_1,0,true,true,1,1,452,452,0x1,
NATIVE_INTERNAL,67269422,1775853025,0xa69228c35a50d2e662a9b21229b35d0142a32936c913eab812c5225ded4fdb65,0x0000000000000068f116a894984e2db1123eb395,0x40ea55e0b8f02f8ebc9d91e082e202ed988647fa,native,MON,99950000000000000000,99.95,0_1,0,true,true,4,4,559;615;520;695,559;615;520;695,0x1,
NATIVE_INTERNAL,67269475,1775853046,0xab719d79e59a100871a3dbac135e66daa1816d564393bf1ccd543d39fae29f76,0x0000000000000068f116a894984e2db1123eb395,0x40ea55e0b8f02f8ebc9d91e082e202ed988647fa,native,MON,110000000000000000000,110,0_1,0,true,true,1,1,659,659,0x1,
NATIVE_INTERNAL,67272371,1775854215,0xdc35c8415a2951eb96f28bcbe7f66e3bfe6deb75c4a7bd48f3385dbc170deaf1,0x0000000000000068f116a894984e2db1123eb395,0x40ea55e0b8f02f8ebc9d91e082e202ed988647fa,native,MON,107500000000000000000,107.5,0_1,0,true,true,1,1,490,490,0x1,
WMON_ERC20,67272610,1775854311,0x604a7c63bb71332cafccdc689b4bf1bdb1c0dd36fdefdcab8d5d36506e82f2e2,0x6d2cea496ba329a0ce2a8e58719fc162c3d82c04,0x40ea55e0b8f02f8ebc9d91e082e202ed988647fa,0x3bd359c1119da7da1d913d1c4d2b7c461115433a,WMON,111100000000000000000,111.1,,0,true,true,1,1,663,663,0x1,
NATIVE_INTERNAL,67272744,1775854366,0x45d653f70ab1f06f987b63ea0d88c015536cbc71986ee2f288f4f6d7b7cdaeac,0x0000000000000068f116a894984e2db1123eb395,0x40ea55e0b8f02f8ebc9d91e082e202ed988647fa,native,MON,110000000000000000000,110,0_1,0,true,true,1,1,430,430,0x1,
NATIVE_INTERNAL,67272805,1775854390,0x695b42054cfdbc2d0e47c3cbd4a47988f079f33b7fc49799c87be1a4053420ce,0x0000000000000068f116a894984e2db1123eb395,0x40ea55e0b8f02f8ebc9d91e082e202ed988647fa,native,MON,115000000000000000000,115,0_1,0,true,true,1,1,510,510,0x1,
NATIVE_INTERNAL,67273841,1775854807,0x9a9e4d9414605dafc26b7cb799ddf0d0579bb7bd0e8842dd5596f865b3c77893,0x0000000000000068f116a894984e2db1123eb395,0x40ea55e0b8f02f8ebc9d91e082e202ed988647fa,native,MON,135050000000000000000,135.05,0_1,0,true,true,1,1,571,571,0x1,
NATIVE_INTERNAL,67317120,1775872164,0xd7baadf2ce9099a5279d2798c21458cd090a8ad56ba5450eeb52900db936b948,0x0000000000000068f116a894984e2db1123eb395,0x40ea55e0b8f02f8ebc9d91e082e202ed988647fa,native,MON,129950000000000000000,129.95,0_1,0,true,true,1,1,585,585,0x1,
WMON_ERC20,67319554,1775873142,0x15a0502a2c2c7062dfcc2c0903ee579adf6aae301c4f28c56c798d2792794f37,0x9f118cac8821b0c53aa8d34e10cc45584cd0b47c,0x40ea55e0b8f02f8ebc9d91e082e202ed988647fa,0x3bd359c1119da7da1d913d1c4d2b7c461115433a,WMON,125000000000000000000,125,,0,true,true,1,1,753,753,0x1,
NATIVE_INTERNAL,67327180,1775876207,0x4b64c901f4a3cbf42769e27b24bc4036c2fb7a3e714b800206b1303b75c7e774,0x0000000000000068f116a894984e2db1123eb395,0x40ea55e0b8f02f8ebc9d91e082e202ed988647fa,native,MON,150000000000000000000,150,0_1,0,true,true,1,1,455,455,0x1,
NATIVE_INTERNAL,67330029,1775877346,0xecd6f4fc1769042e39866cbe4c302b71bca449b034e1d912020fae1d9e6d5976,0x0000000000000068f116a894984e2db1123eb395,0x40ea55e0b8f02f8ebc9d91e082e202ed988647fa,native,MON,150000000000000000000,150,0_1,0,true,true,1,1,308,308,0x1,
NATIVE_INTERNAL,67330099,1775877375,0xf0f30d248f3b968f298eb01dda7aeff128fb93010537cd8dbf97e7e6e00931ec,0x0000000000000068f116a894984e2db1123eb395,0x40ea55e0b8f02f8ebc9d91e082e202ed988647fa,native,MON,150000000000000000000,150,0_1,0,true,true,1,1,414,414,0x1,
NATIVE_INTERNAL,67331495,1775877932,0xa5fd367a10d8ed37a85fb03b8a8a6be21dfd804849c691ae33c08b92ae1bf8e0,0x0000000000000068f116a894984e2db1123eb395,0x40ea55e0b8f02f8ebc9d91e082e202ed988647fa,native,MON,175000000000000000000,175,0_1,0,true,true,1,1,608,608,0x1,
NATIVE_INTERNAL,67332261,1775878238,0xa9e0fca00dd07b234bc1607f37aafdb8f35c9843987874872a79d8332e8ffd4f,0x0000000000000068f116a894984e2db1123eb395,0x40ea55e0b8f02f8ebc9d91e082e202ed988647fa,native,MON,175000000000000000000,175,0_1,0,true,true,1,1,171,171,0x1,
NATIVE_INTERNAL,67339694,1775881206,0x2ccb505f35d83002ff97e2c216abc434a9f0a3dbeb7520a53ff53ea19267eed9,0x0000000000000068f116a894984e2db1123eb395,0x40ea55e0b8f02f8ebc9d91e082e202ed988647fa,native,MON,220000000000000000000,220,0_1,0,true,true,1,1,433,433,0x1,
NATIVE_INTERNAL,67366205,1775891808,0x1eadda7620c42a0e556cb1f4763285d80077b4b876d01f0c9b687732aaf9abc8,0x0000000000000068f116a894984e2db1123eb395,0x40ea55e0b8f02f8ebc9d91e082e202ed988647fa,native,MON,166650000000000000000,166.65,0_1,0,true,true,1,1,429,429,0x1,
NATIVE_INTERNAL,67373374,1775894711,0x626eb2916664912cd0d93b2aea3d2791779328fb210235c9aa94d287368df9c9,0x0000000000000068f116a894984e2db1123eb395,0x40ea55e0b8f02f8ebc9d91e082e202ed988647fa,native,MON,172500000000000000000,172.5,0_1_1_1,0,true,true,1,1,573,573,0x1,
WMON_ERC20,67374496,1775895164,0xfaa9eb29a337c94792ca8199f54a888cbb17472df9b0c6746e5b1aee7c9bafd6,0xbcc24929108278944aa180ff8322b900356f7701,0x40ea55e0b8f02f8ebc9d91e082e202ed988647fa,0x3bd359c1119da7da1d913d1c4d2b7c461115433a,WMON,166650000000000000000,166.65,,0,true,true,1,1,770,770,0x1,
WMON_ERC20,67374990,1775895364,0x6965dc7908ae27c503af38b644c4954684c9b3e2086ae2323e3970f472c7ad49,0x021e099ab6fa3be65882bb2d0752c0214d8264a3,0x40ea55e0b8f02f8ebc9d91e082e202ed988647fa,0x3bd359c1119da7da1d913d1c4d2b7c461115433a,WMON,130150000000000000000,130.15,,0,true,true,1,1,773,773,0x1,
WMON_ERC20,67375221,1775895457,0x1eb309d1befa6b707bda72da8004062e6a547bd2916a13717b38ad64119a94b1,0x58fd1b66d17d0764a236a2b94df11323826350b7,0x40ea55e0b8f02f8ebc9d91e082e202ed988647fa,0x3bd359c1119da7da1d913d1c4d2b7c461115433a,WMON,130100000000000000000,130.1,,0,true,true,1,1,772,772,0x1,
WMON_ERC20,67376029,1775895785,0xdb4ab1735778f2958bc1a4d2adfa6d989aef073f917b37940a92bc1a25740cbb,0xb8898bb87b07bac7ba9c2268e6d0640d5a208a7a,0x40ea55e0b8f02f8ebc9d91e082e202ed988647fa,0x3bd359c1119da7da1d913d1c4d2b7c461115433a,WMON,130000500000000000000,130.0005,,0,true,true,1,1,771,771,0x1,
NATIVE_INTERNAL,67390267,1775901514,0xa919542efcb08739cf695903cfbfa26c0c27f823a0ab5472fc23791085a2a290,0x0000000000000068f116a894984e2db1123eb395,0x40ea55e0b8f02f8ebc9d91e082e202ed988647fa,native,MON,144400000000000000000,144.4,0_1,0,true,true,1,1,313,313,0x1,
WMON_ERC20,67403961,1775906985,0x24726b2f942db4a9964c90c942dd50380f7b8f5cb17189414319489e2e2417e4,0x6b100d45afa078f5baba7849562780896b051cc6,0x40ea55e0b8f02f8ebc9d91e082e202ed988647fa,0x3bd359c1119da7da1d913d1c4d2b7c461115433a,WMON,113000000000000000000,113,,0,true,true,1,1,784,784,0x1,
NATIVE_INTERNAL,67404385,1775907154,0x136f3c0a1831a95e937e2598ef1490579448db8ca82223c8f1bd8c97a40a56cc,0x0000000000000068f116a894984e2db1123eb395,0x40ea55e0b8f02f8ebc9d91e082e202ed988647fa,native,MON,388850000000000000000,388.85,0_1,0,true,true,1,1,694,694,0x1,
WMON_ERC20,67409799,1775909317,0x9c70e21d1d7a969d3770b4b855ffbc2e81d046b0ff124a1f817286fe6d4032e4,0x584ae94fd9177d42f1808a0897675cd157b11e2c,0x40ea55e0b8f02f8ebc9d91e082e202ed988647fa,0x3bd359c1119da7da1d913d1c4d2b7c461115433a,WMON,115050000000000000000,115.05,,0,true,true,1,1,777,777,0x1,
WMON_ERC20,67411763,1775910102,0x2859d2adece4f931edd3ea3f7c3493c273715e7ae71678bff3841bbf6a133176,0x21729c478ea277a0e7a6038e8e5abc68347d96d8,0x40ea55e0b8f02f8ebc9d91e082e202ed988647fa,0x3bd359c1119da7da1d913d1c4d2b7c461115433a,WMON,115050000000000000000,115.05,,0,true,true,1,1,789,789,0x1,
WMON_ERC20,67426321,1775915906,0xd5f0b65b479d6115cc003ca794553f5ae1b894e33098cb99c36c11d6735062aa,0x5de0c18ad34e2895aa6b7088e4e42305909d409d,0x40ea55e0b8f02f8ebc9d91e082e202ed988647fa,0x3bd359c1119da7da1d913d1c4d2b7c461115433a,WMON,112500000000000000000,112.5,,0,true,true,1,1,574,574,0x1,
WMON_ERC20,67440681,1775921638,0x04a25e6018f929242eeaa2b094e8047b73eca2bd7ae5176409f5bb7e5cc051fb,0x21208e75f62da41ca25ca02e66f889ae5b62380b,0x40ea55e0b8f02f8ebc9d91e082e202ed988647fa,0x3bd359c1119da7da1d913d1c4d2b7c461115433a,WMON,87650000000000000000,87.65,,0,true,true,1,1,853,853,0x1,
WMON_ERC20,67440940,1775921741,0x115abec16c733241aad498a2df3689ab94b88b2a09c132cf7813935fcca6592b,0x8d7c6de4452d81af56113d42898032dc6b4828a4,0x40ea55e0b8f02f8ebc9d91e082e202ed988647fa,0x3bd359c1119da7da1d913d1c4d2b7c461115433a,WMON,86250000000000000000,86.25,,0,true,true,1,1,854,854,0x1,
WMON_ERC20,67441092,1775921802,0x94fc2886de567399d45bf1a06471dc0f49156623cf6a23df2b51eecb5bd9dc0d,0x04b6f5794d0a6e164d62f87f4adcc820ef93896c,0x40ea55e0b8f02f8ebc9d91e082e202ed988647fa,0x3bd359c1119da7da1d913d1c4d2b7c461115433a,WMON,85500000000000000000,85.5,,0,true,true,1,1,921,921,0x1,
WMON_ERC20,67441255,1775921867,0x7f4e1c06c9dfe5efa36607eecf87c9184270e16b85a24cfa9e799221ffd78a4a,0xcb7db076b6b12dd5aafc2dee4f2af23bf66742d7,0x40ea55e0b8f02f8ebc9d91e082e202ed988647fa,0x3bd359c1119da7da1d913d1c4d2b7c461115433a,WMON,75050000000000000000,75.05,,0,true,true,1,1,917,917,0x1,
NATIVE_INTERNAL,67442099,1775922205,0x325e6a6df8a5c83785d2dae2c509fec714c822c11c59ed2d8042a9c1e8cf53a7,0x0000000000000068f116a894984e2db1123eb395,0x40ea55e0b8f02f8ebc9d91e082e202ed988647fa,native,MON,247250000000000000000,247.25,0_1,0,true,true,5,5,889;948;932;926;879,889;948;932;926;879,0x1,
NATIVE_INTERNAL,67442430,1775922337,0x7ca241b82c867bcca9247581d4d42475cce77b0c6b939885daa7b50473c8da10,0x0000000000000068f116a894984e2db1123eb395,0x40ea55e0b8f02f8ebc9d91e082e202ed988647fa,native,MON,92500000000000000000,92.5,0_1,0,true,true,1,1,922,922,0x1,
WMON_ERC20,67442538,1775922380,0xedc77de21d8544d99b2a842ea0ab2605a75197d819b14ed2eac75cfff92247c3,0x58fd1b66d17d0764a236a2b94df11323826350b7,0x40ea55e0b8f02f8ebc9d91e082e202ed988647fa,0x3bd359c1119da7da1d913d1c4d2b7c461115433a,WMON,75150000000000000000,75.15,,0,true,true,1,1,999,999,0x1,
NATIVE_INTERNAL,67443072,1775922594,0x88a53311f7a8e6836b34e3e588d9236a39b97d059cf4bc4899516066599b1a60,0x0000000000000068f116a894984e2db1123eb395,0x40ea55e0b8f02f8ebc9d91e082e202ed988647fa,native,MON,120000000000000000000,120,0_1,0,true,true,1,1,572,572,0x1,
WMON_ERC20,67444395,1775923123,0x5c09132962ddef913f8cf250431f4ae0f65f8ca1b58a2e60eb447d099076c97a,0xbcc24929108278944aa180ff8322b900356f7701,0x40ea55e0b8f02f8ebc9d91e082e202ed988647fa,0x3bd359c1119da7da1d913d1c4d2b7c461115433a,WMON,105000000000000000000,105,,0,true,true,1,1,1010,1010,0x1,
WMON_ERC20,67444579,1775923197,0x5e6a0bd3aa507340130b50785a75349e2c70bdb64704f9e8c16696a5e5203556,0xbcc24929108278944aa180ff8322b900356f7701,0x40ea55e0b8f02f8ebc9d91e082e202ed988647fa,0x3bd359c1119da7da1d913d1c4d2b7c461115433a,WMON,105000000000000000000,105,,0,true,true,1,1,798,798,0x1,
WMON_ERC20,67444941,1775923342,0x8fff8abb3a9fadbc7cbc8a345b8927f67a9ad7b81414dd2b91ca34f3a538c8f2,0xbcc24929108278944aa180ff8322b900356f7701,0x40ea55e0b8f02f8ebc9d91e082e202ed988647fa,0x3bd359c1119da7da1d913d1c4d2b7c461115433a,WMON,105000000000000000000,105,,0,true,true,1,1,945,945,0x1,
NATIVE_INTERNAL,67448475,1775924759,0x38b6d7d3cf62997388827c7dafd595f856691fcc1df53828f575c82d2a6a7835,0x0000000000000068f116a894984e2db1123eb395,0x40ea55e0b8f02f8ebc9d91e082e202ed988647fa,native,MON,114250000000000000000,114.25,0_1_1_1,0,true,true,1,1,1012,1012,0x1,
WMON_ERC20,67449713,1775925255,0x416e9500899345c47c36f55b6cf97a17f9ee826844ebe73543cb3ef3b04e21f3,0x021e099ab6fa3be65882bb2d0752c0214d8264a3,0x40ea55e0b8f02f8ebc9d91e082e202ed988647fa,0x3bd359c1119da7da1d913d1c4d2b7c461115433a,WMON,110000000000000000000,110,,0,true,true,1,1,645,645,0x1,
NATIVE_INTERNAL,67449758,1775925273,0x96b2f08784b91990e634c11a9fe5f92e10c811dc5469362e954396eb062dcaa4,0x0000000000000068f116a894984e2db1123eb395,0x40ea55e0b8f02f8ebc9d91e082e202ed988647fa,native,MON,120000000000000000000,120,0_1_1_1,0,true,true,1,1,396,396,0x1,
NATIVE_INTERNAL,67450275,1775925481,0x79d230e3a09188b57fae91e72d35ba592d0c44bc355b047445eb423be374e1e3,0x0000000000000068f116a894984e2db1123eb395,0x40ea55e0b8f02f8ebc9d91e082e202ed988647fa,native,MON,149900000000000000000,149.9,0_1,0,true,true,1,1,989,989,0x1,
NATIVE_INTERNAL,67452930,1775926544,0xa9cc67439774b675d7ceab0cf778f7bafd236bce7b221ceecb76c85c0ff9ae07,0x0000000000000068f116a894984e2db1123eb395,0x40ea55e0b8f02f8ebc9d91e082e202ed988647fa,native,MON,122200000000000000000,122.2,0_1,0,true,true,1,1,830,830,0x1,
NATIVE_INTERNAL,67453059,1775926595,0x1640da715706d2e9a54a266940dc3977403a8515cb9deb9ad329a13f1902e9dd,0x0000000000000068f116a894984e2db1123eb395,0x40ea55e0b8f02f8ebc9d91e082e202ed988647fa,native,MON,122150000000000000000,122.15,0_1,0,true,true,1,1,1026,1026,0x1,
WMON_ERC20,67453883,1775926924,0x43290c87a2969658ba427ed9e1c7939f918a132a78a533da013fad89afa5973d,0x04b6f5794d0a6e164d62f87f4adcc820ef93896c,0x40ea55e0b8f02f8ebc9d91e082e202ed988647fa,0x3bd359c1119da7da1d913d1c4d2b7c461115433a,WMON,205050000000000000000,205.05,,0,true,true,2,2,921;935,921;935,0x1,
NATIVE_INTERNAL,67453897,1775926930,0xcbfdda35e7805006cc6391b37c85f7ae4ec5f37394ef808737f57c2a98d31596,0x0000000000000068f116a894984e2db1123eb395,0x40ea55e0b8f02f8ebc9d91e082e202ed988647fa,native,MON,95000000000000000000,95,0_1,0,true,true,1,1,1029,1029,0x1,
NATIVE_INTERNAL,67459162,1775929035,0x6975d2394d3867e547007ffe126abaf2f5bc2724f369d42ac5428580f974c618,0x200723a706de0013316e5cd8eba2b3f53dd90c29,0x40ea55e0b8f02f8ebc9d91e082e202ed988647fa,native,MON,273642750000000000000000,273642.75,0_1_1_1,0,false,false,0,0,,,0x1,
NATIVE_INTERNAL,67460559,1775929593,0x4e048358ff2c4884655fc97f42ae9fb1b7ae82d3192aca4c74cd83dc00690a32,0x0000000000000068f116a894984e2db1123eb395,0x40ea55e0b8f02f8ebc9d91e082e202ed988647fa,native,MON,110000000000000000000,110,0_1,0,true,true,1,1,1032,1032,0x1,
NATIVE_INTERNAL,67463992,1775930963,0x3879eff3bb95a96cbaf92cb64e3fe427c0cdfad470ed1df77a2e6be581c47a4f,0x0000000000000068f116a894984e2db1123eb395,0x40ea55e0b8f02f8ebc9d91e082e202ed988647fa,native,MON,84950000000000000000,84.95,0_1,0,true,true,1,1,1031,1031,0x1,
NATIVE_INTERNAL,67464265,1775931072,0xccf063217fd5e741e0c4d3cb6acdc8add0c43f0266883a856af86bcf66cec3e5,0x0000000000000068f116a894984e2db1123eb395,0x40ea55e0b8f02f8ebc9d91e082e202ed988647fa,native,MON,87500000000000000000,87.5,0_1,0,true,true,1,1,1027,1027,0x1,
NATIVE_INTERNAL,67466724,1775932056,0x7f7244f6d91cc176523b619b074c9e0ba8f520efaa2069f59267b02f56943225,0x0000000000000068f116a894984e2db1123eb395,0x40ea55e0b8f02f8ebc9d91e082e202ed988647fa,native,MON,95000000000000000000,95,0_1_1_1,0,true,true,1,1,486,486,0x1,
NATIVE_INTERNAL,67472626,1775934419,0x4c30fb9a7cc2a094b5b0143e0a1e96ed45a6ab41dc235c11f3f833de376ce929,0x0000000000000068f116a894984e2db1123eb395,0x40ea55e0b8f02f8ebc9d91e082e202ed988647fa,native,MON,125000000000000000000,125,0_1,0,true,true,1,1,994,994,0x1,
NATIVE_INTERNAL,67474194,1775935046,0x3299b668be793362dabc4dc2d1407b9159807fd42a0795fd740f85b778328602,0x0000000000000068f116a894984e2db1123eb395,0x40ea55e0b8f02f8ebc9d91e082e202ed988647fa,native,MON,107000000000000000000,107,0_1,0,true,true,1,1,852,852,0x1,
WMON_ERC20,67481131,1775937816,0xe06d1ec560b83032672cec5c85d57e1d50ab3964115fd66c673fc949c209725b,0x21729c478ea277a0e7a6038e8e5abc68347d96d8,0x40ea55e0b8f02f8ebc9d91e082e202ed988647fa,0x3bd359c1119da7da1d913d1c4d2b7c461115433a,WMON,90000000000000000000,90,,0,true,true,1,1,723,723,0x1,
NATIVE_INTERNAL,67483747,1775938864,0x95f683a00baac972662d050fee8a536c4588d01b5c690acc1816fa45c629fae4,0x0000000000000068f116a894984e2db1123eb395,0x40ea55e0b8f02f8ebc9d91e082e202ed988647fa,native,MON,373650000000000000000,373.65,0_1,0,true,true,4,4,943;174;862;905,943;174;862;905,0x1,
NATIVE_INTERNAL,67485167,1775939431,0x7d523561a2882d632e7eb4945827f4fea3783c857c567669b4b25e8d9f38db07,0x0000000000000068f116a894984e2db1123eb395,0x40ea55e0b8f02f8ebc9d91e082e202ed988647fa,native,MON,150000000000000000000,150,0_1_1_1,0,true,true,1,1,774,774,0x1,
NATIVE_INTERNAL,67506168,1775947821,0x22241eb470910d0813b0c983a50a3bb498be75f1680544edbb6ae697dfc6954a,0x0000000000000068f116a894984e2db1123eb395,0x40ea55e0b8f02f8ebc9d91e082e202ed988647fa,native,MON,175000000000000000000,175,0_1,0,true,true,1,1,299,299,0x1,
NATIVE_INTERNAL,67506425,1775947923,0x5abed49e9e18331c66c1bfeacf11f2591534750741365f7c63039a7e986d4e49,0x0000000000000068f116a894984e2db1123eb395,0x40ea55e0b8f02f8ebc9d91e082e202ed988647fa,native,MON,325000000000000000000,325,0_1,0,true,true,1,1,955,955,0x1,
NATIVE_INTERNAL,67510111,1775949396,0x6927144a0071292d728d458a8b8b60a81afabc0dc4e1f301e206a339766e5ab8,0x0000000000000068f116a894984e2db1123eb395,0x40ea55e0b8f02f8ebc9d91e082e202ed988647fa,native,MON,179950000000000000000,179.95,0_1_1_1,0,true,true,1,1,247,247,0x1,
NATIVE_INTERNAL,67512379,1775950303,0x69d3c84d47d673911b80f93e44c1f2b3cfde181a106ea6c9b3be504ac107a3e7,0x0000000000000068f116a894984e2db1123eb395,0x40ea55e0b8f02f8ebc9d91e082e202ed988647fa,native,MON,177300000000000000000,177.3,0_1,0,true,true,1,1,912,912,0x1,
NATIVE_INTERNAL,67512991,1775950547,0x8a1716a399779c66cc2331cc5bf7e454c2aa7e590bc25310fe39294c83de2859,0x0000000000000068f116a894984e2db1123eb395,0x40ea55e0b8f02f8ebc9d91e082e202ed988647fa,native,MON,200000000000000000000,200,0_1,0,true,true,1,1,778,778,0x1,
NATIVE_INTERNAL,67517976,1775952535,0xaecae4eab5a5587ff234eecf18d247d9cf24ad45ecce5669668ded1fbd0e4708,0x0000000000000068f116a894984e2db1123eb395,0x40ea55e0b8f02f8ebc9d91e082e202ed988647fa,native,MON,350000000000000000000,350,0_1,0,true,true,1,1,882,882,0x1,
NATIVE_INTERNAL,67522041,1775954159,0xcf3771695020c8173436f7db9c01ba4dc2ba900fc0270ac0c237a51a78028ee7,0x0000000000000068f116a894984e2db1123eb395,0x40ea55e0b8f02f8ebc9d91e082e202ed988647fa,native,MON,750000000000000000000,750,0_1,0,true,true,1,1,806,806,0x1,
WMON_ERC20,67578887,1775976885,0x80593d7ec59725b8e07ae270258aab315c5fb12a44f45877f3ad98d8c70175aa,0x5ab59a28f190e0bdeb73ad880fa0f7b8a063fdd7,0x40ea55e0b8f02f8ebc9d91e082e202ed988647fa,0x3bd359c1119da7da1d913d1c4d2b7c461115433a,WMON,166650000000000000000,166.65,,0,true,true,1,1,709,709,0x1,
WMON_ERC20,67583758,1775978833,0xca234e233f48d6bf12f1db13ea23b4a10cb5743825ddfbcc4b9775621d2dec95,0x562aef6cd1d1716e9363de59b6540c39d9a71a86,0x40ea55e0b8f02f8ebc9d91e082e202ed988647fa,0x3bd359c1119da7da1d913d1c4d2b7c461115433a,WMON,150000500000000000000,150.0005,,0,true,true,1,1,776,776,0x1,
NATIVE_INTERNAL,67599185,1775985000,0x519006ea723d9a10d53dcc611a057eaf1b26a1681e7755957af2a3e35127dbb9,0x0000000000000068f116a894984e2db1123eb395,0x40ea55e0b8f02f8ebc9d91e082e202ed988647fa,native,MON,160000000000000000000,160,0_1_1_1,0,true,true,1,1,893,893,0x1,
NATIVE_INTERNAL,67659019,1776008915,0x10ac8d25586b75473d17d30892d882f862747eb97ce0b01787a50ff3013803a8,0x0000000000000068f116a894984e2db1123eb395,0x40ea55e0b8f02f8ebc9d91e082e202ed988647fa,native,MON,660798500000000000000,660.7985,0_1,0,true,true,10,10,649;382;792;791;860;1028;213;597;914;834,649;382;792;791;860;1028;213;597;914;834,0x1,
NATIVE_INTERNAL,67726360,1776035824,0x7a8d346381c55f05c1d8564705be281e2f83d3b9ae93d49778dcce891c9f17ed,0x0000000000000068f116a894984e2db1123eb395,0x40ea55e0b8f02f8ebc9d91e082e202ed988647fa,native,MON,160000000000000000000,160,0_1,0,true,true,1,1,919,919,0x1,
NATIVE_INTERNAL,67733604,1776038716,0xbb38cb635e910995661b7c09e5c1a1ba9476360b912aef5e846cda836b3c0cdd,0x0000000000000068f116a894984e2db1123eb395,0x40ea55e0b8f02f8ebc9d91e082e202ed988647fa,native,MON,213300000000000000000,213.3,0_1,0,true,true,1,1,669,669,0x1,
NATIVE_INTERNAL,67739095,1776040912,0xa029319afcffce1ac0bed872f8ec3a27dca2f46e6cc3869cbb4459ebc2650a54,0x0000000000000068f116a894984e2db1123eb395,0x40ea55e0b8f02f8ebc9d91e082e202ed988647fa,native,MON,154000000000000000000,154,0_1,0,true,true,1,1,888,888,0x1,
NATIVE_INTERNAL,67751363,1776045813,0x429fea49a886ccc0cc89e42d178df5b0d0f51e4d9e24d7fea952ab728d920e76,0x3bd359c1119da7da1d913d1c4d2b7c461115433a,0x40ea55e0b8f02f8ebc9d91e082e202ed988647fa,native,MON,4281461000000000000000,4281.461,0_1_1_1_1,0,false,false,0,0,,,0x1,
NATIVE_INTERNAL,67823246,1776074561,0xb61ec3d8ff9a6d4f64fe5d4d358608da0a9f9e2614cbc1f4187433a95b85a22e,0x0000000000000068f116a894984e2db1123eb395,0x40ea55e0b8f02f8ebc9d91e082e202ed988647fa,native,MON,323750000000000000000,323.75,0_1,0,true,true,7,7,576;392;743;744;515;271;1012,576;392;743;744;515;271;1012,0x1,
WMON_ERC20,67855285,1776087362,0x669f19f20e3a182be097fca16c7f32597a50d179bccd68c7136bb76261c4484c,0x4f9f7abb6be75b23c16ea8b094b6a24fde47bd86,0x40ea55e0b8f02f8ebc9d91e082e202ed988647fa,0x3bd359c1119da7da1d913d1c4d2b7c461115433a,WMON,150000000000000000000,150,,0,true,true,1,1,1008,1008,0x1,
NATIVE_INTERNAL,67859329,1776088976,0xfc3a9c99445c72f68a9d3fb9526a5e1346a6fc93540b6ddd94cbbbcb3d60a28f,0x0000000000000068f116a894984e2db1123eb395,0x40ea55e0b8f02f8ebc9d91e082e202ed988647fa,native,MON,199950000000000000000,199.95,0_1_1_1,0,true,true,1,1,875,875,0x1,
NATIVE_INTERNAL,67861548,1776089863,0x27d3ef784536784308b8f96721217ff188b3e7446e6b7ab71a18edfd0b24f7e3,0x0000000000000068f116a894984e2db1123eb395,0x40ea55e0b8f02f8ebc9d91e082e202ed988647fa,native,MON,521650000000000000000,521.65,0_1,0,true,true,5,5,359;347;917;938;171,359;347;917;938;171,0x1,
NATIVE_INTERNAL,67873209,1776094520,0xf3bf43d0738450c5286081ee874a93a1ae1aa238422b87ac862eb1bde442beea,0x0000000000000068f116a894984e2db1123eb395,0x40ea55e0b8f02f8ebc9d91e082e202ed988647fa,native,MON,277750000000000000000,277.75,0_1,0,true,true,1,1,867,867,0x1,
WMON_ERC20,67881882,1776097988,0xa51b3eb94e53b8dff386b199f21c9c6ad9a83a54dbee230fae2882fed7cdb87c,0x15948209fb8f0946b9feb72ea509760a3ae23cb1,0x40ea55e0b8f02f8ebc9d91e082e202ed988647fa,0x3bd359c1119da7da1d913d1c4d2b7c461115433a,WMON,146000000000000000000,146,,0,true,true,1,1,385,385,0x1,
NATIVE_INTERNAL,67884902,1776099195,0x0dbf006c2bfde921678a824e7a815cbd9d52d284c1a3897b26f3bd5dd0960283,0x0000000000000068f116a894984e2db1123eb395,0x40ea55e0b8f02f8ebc9d91e082e202ed988647fa,native,MON,605000000000000000000,605,0_1,0,true,true,1,1,446,446,0x1,
NATIVE_INTERNAL,67891533,1776101843,0x4a127510a5dc3963f8d658ffb0cc0f5a75e5363fb303ca628d418100558a726c,0x3bd359c1119da7da1d913d1c4d2b7c461115433a,0x40ea55e0b8f02f8ebc9d91e082e202ed988647fa,native,MON,296000000000000000000,296,0_1_1_1_1,0,false,false,0,0,,,0x1,
NATIVE_INTERNAL,67901309,1776105755,0x44e7e4e0b4ce9b715baaae8a6622ee1f50a4f39a75caff7f30b9fb3e2aca1fe9,0x0000000000000068f116a894984e2db1123eb395,0x40ea55e0b8f02f8ebc9d91e082e202ed988647fa,native,MON,174950000000000000000,174.95,0_1,0,true,true,1,1,692,692,0x1,
NATIVE_INTERNAL,67901643,1776105888,0xabe81a9c6817de8792eb5e641ec5dad576f5134e1889a552087dc9575fb2a063,0x0000000000000068f116a894984e2db1123eb395,0x40ea55e0b8f02f8ebc9d91e082e202ed988647fa,native,MON,200000000000000000000,200,0_1,0,true,true,1,1,383,383,0x1,
NATIVE_INTERNAL,67904566,1776107058,0xe808cf0c77c3d9c6bbb76007482335e258ccab8abb3dd697675d2dc9e967f804,0x0000000000000068f116a894984e2db1123eb395,0x40ea55e0b8f02f8ebc9d91e082e202ed988647fa,native,MON,184950000000000000000,184.95,0_1,0,true,true,1,1,279,279,0x1,
NATIVE_INTERNAL,67907481,1776108224,0x2ff0a12c8d4521bfa5d011b55d3628616f3b05213c57524c31ac746c6c40663c,0x0000000000000068f116a894984e2db1123eb395,0x40ea55e0b8f02f8ebc9d91e082e202ed988647fa,native,MON,187500000000000000000,187.5,0_1,0,true,true,1,1,430,430,0x1,
NATIVE_INTERNAL,67917713,1776112317,0xf4108038b5a0f4862c0b1f94a72c6a480ee00072334b6ff543c8d1be97306cc5,0x0000000000000068f116a894984e2db1123eb395,0x40ea55e0b8f02f8ebc9d91e082e202ed988647fa,native,MON,200000000000000000000,200,0_1_1_1,0,true,true,1,1,495,495,0x1,
NATIVE_DIRECT_TX,67967336,1776132146,0x5819f7ba8545eb203073453b1157474c14aac80de68ee5ac1d2c8c8dba51e4b9,0xdfc19dd5f80048df12d7a71cb01226f8ce24a954,0x40ea55e0b8f02f8ebc9d91e082e202ed988647fa,native,MON,1450000000000000000000,1450,,0,false,false,0,0,,,0x1,
NATIVE_INTERNAL,67967377,1776132163,0xc0d614598143b9657ca51197fa1e5d79eef629a0ac813ab16385aae562a8b04a,0x18d5346216315667c51d69f346e3c768136f8018,0x40ea55e0b8f02f8ebc9d91e082e202ed988647fa,native,MON,1450000000000000000000,1450,0_1_1,0,false,false,0,0,,,0x1,
NATIVE_INTERNAL,67967412,1776132177,0x10f3c495063fe5eaaa1f3762b120fd4bf57f8d1e6693cd456aa9d07567091db5,0xf10ed040f182511ef2179adea749920881a4eef9,0x40ea55e0b8f02f8ebc9d91e082e202ed988647fa,native,MON,1450000000000000000000,1450,0_1_1,0,false,false,0,0,,,0x1,
NATIVE_INTERNAL,67972412,1776134173,0x3f9afc0da4801ea58995c8090cdc2b2e4b8533659a068148d5716ab41c58aba3,0x0000000000000068f116a894984e2db1123eb395,0x40ea55e0b8f02f8ebc9d91e082e202ed988647fa,native,MON,234950000000000000000,234.95,0_1_1_1,0,true,true,1,1,902,902,0x1,
NATIVE_INTERNAL,67980320,1776137332,0x4abc6053a4f98f117d9ca0c83c998090ee8b966efb51fdf4a517f85672e4cfa7,0x0000000000000068f116a894984e2db1123eb395,0x40ea55e0b8f02f8ebc9d91e082e202ed988647fa,native,MON,619950000000000000000,619.95,0_1,0,true,true,8,8,200;939;460;983;708;562;209;331,200;939;460;983;708;562;209;331,0x1,
NATIVE_INTERNAL,67981057,1776137627,0x83dfe033fc811f7eda1e8040c15271478de55f8038d458117203513b0956c8b9,0x0000000000000068f116a894984e2db1123eb395,0x40ea55e0b8f02f8ebc9d91e082e202ed988647fa,native,MON,670000000000000000000,670,0_1,0,true,true,10,10,170;217;811;665;434;641;993;911;980;387,170;217;811;665;434;641;993;911;980;387,0x1,
NATIVE_INTERNAL,67981799,1776137923,0x4762adcb18b45d87f8611c7b75ab4e9850cd0aa5dd48c61b27e6e4724f151557,0x0000000000000068f116a894984e2db1123eb395,0x40ea55e0b8f02f8ebc9d91e082e202ed988647fa,native,MON,249500000000000000000,249.5,0_1,0,true,true,1,1,1023,1023,0x1,
NATIVE_INTERNAL,67982165,1776138070,0xb67ca5ec34a5a63b96e177c3c4102b49e8d2f59a0e62e84f70e9394bde80623c,0x0000000000000068f116a894984e2db1123eb395,0x40ea55e0b8f02f8ebc9d91e082e202ed988647fa,native,MON,500000000000000000000,500,0_1,0,true,true,7,7,1009;1030;618;818;934;442;518,1009;1030;618;818;934;442;518,0x1,
NATIVE_INTERNAL,67983074,1776138433,0x7a9041a31efa9e252a257fae7637015d43d3f5c5bf0bd0709aa99a2c9c061617,0x0000000000000068f116a894984e2db1123eb395,0x40ea55e0b8f02f8ebc9d91e082e202ed988647fa,native,MON,250000000000000000000,250,0_1,0,true,true,3,3,1003;724;912,1003;724;912,0x1,
NATIVE_INTERNAL,67990959,1776141585,0x45831a131aabf853ca383d3f65d8a35dc51baf35ac802618f01f630473699101,0x0000000000000068f116a894984e2db1123eb395,0x40ea55e0b8f02f8ebc9d91e082e202ed988647fa,native,MON,400000000000000000000,400,0_1,0,true,true,1,1,669,669,0x1,
NATIVE_INTERNAL,68031195,1776157674,0x703425f22fd938ec5478ad301f21b5d9a520cc455ce112135116214293983add,0x0000000000000068f116a894984e2db1123eb395,0x40ea55e0b8f02f8ebc9d91e082e202ed988647fa,native,MON,375000000000000000000,375,0_1,0,true,true,1,1,413,413,0x1,
NATIVE_INTERNAL,68073159,1776174441,0x1c74fcdd0e583f6e3d58fa9b9089d29fef3d4e09b2433ee15946e3e2532fa9e5,0x0000000000000068f116a894984e2db1123eb395,0x40ea55e0b8f02f8ebc9d91e082e202ed988647fa,native,MON,333300000000000000000,333.3,0_1,0,true,true,1,1,666,666,0x1,
NATIVE_INTERNAL,68077249,1776176077,0xc547bece2d6139e2b105d341c39ef9857c436a78486208c887f5438e1dd0152b,0x0000000000000068f116a894984e2db1123eb395,0x40ea55e0b8f02f8ebc9d91e082e202ed988647fa,native,MON,275000000000000000000,275,0_1,0,true,true,1,1,817,817,0x1,
NATIVE_INTERNAL,68147940,1776204321,0xd9a8549a9bef68f2f76f6c17fbdb80eaf9a4d65ab3d430e60799ea0001f1bfa9,0x0000000000000068f116a894984e2db1123eb395,0x40ea55e0b8f02f8ebc9d91e082e202ed988647fa,native,MON,1250000000000000000000,1250,0_1,0,true,true,1,1,929,929,0x1,
NATIVE_INTERNAL,68216928,1776231891,0x5564233f30fcb54040a4f4dff28fdbc54221399aa812980e30bb27d787d1614a,0x0000000000000068f116a894984e2db1123eb395,0x40ea55e0b8f02f8ebc9d91e082e202ed988647fa,native,MON,289993500000000000000,289.9935,0_1_1_1,0,true,true,1,1,318,318,0x1,
NATIVE_INTERNAL,68234287,1776238829,0xd78e223e38e811aee008c721c43e8ff72f32603c6d69388a715621220aebf277,0x0000000000000068f116a894984e2db1123eb395,0x40ea55e0b8f02f8ebc9d91e082e202ed988647fa,native,MON,254000000000000000000,254,0_1_1_1_1_1,0,true,true,1,1,813,813,0x1,
WMON_ERC20,68319771,1776273032,0x446937808a3fc696297720f1b811bc6425245e1111b72ccdbcbd9f6ab594299e,0xe6a2d99f1150a8c95c0542360feafca509774bc8,0x40ea55e0b8f02f8ebc9d91e082e202ed988647fa,0x3bd359c1119da7da1d913d1c4d2b7c461115433a,WMON,230110000000000000000,230.11,,0,true,true,1,1,188,188,0x1,
WMON_ERC20,68319828,1776273055,0x8720673149c21d9e2bf3fd035d73dc07714af410e2bb4ffd9ab66919e022d963,0xe6a2d99f1150a8c95c0542360feafca509774bc8,0x40ea55e0b8f02f8ebc9d91e082e202ed988647fa,0x3bd359c1119da7da1d913d1c4d2b7c461115433a,WMON,230108500000000000000,230.1085,,0,true,true,1,1,973,973,0x1,
WMON_ERC20,68406145,1776307569,0x9d8723888f3e9c56b8cf7d9a370392014a7cbb2dcd58494fccfc80e61c7e1e53,0x5de0c18ad34e2895aa6b7088e4e42305909d409d,0x40ea55e0b8f02f8ebc9d91e082e202ed988647fa,0x3bd359c1119da7da1d913d1c4d2b7c461115433a,WMON,431000000000000000000,431,,0,true,true,2,2,782;783,782;783,0x1,
NATIVE_INTERNAL,68406509,1776307715,0x80935165ac3ce6d4f9bb41ecd8573af130f65cca72aa159ce5dfc7852a7da807,0x3bd359c1119da7da1d913d1c4d2b7c461115433a,0x40ea55e0b8f02f8ebc9d91e082e202ed988647fa,native,MON,891218500000000000000,891.2185,0_1_1_1_1,0,false,false,0,0,,,0x1,
NATIVE_INTERNAL,68416413,1776311673,0x96743308923c69ee27dc3cfbf6293e7f841a248cb640cc091306879aeab33c41,0x0000000000000068f116a894984e2db1123eb395,0x40ea55e0b8f02f8ebc9d91e082e202ed988647fa,native,MON,516278500000000000000,516.2785,0_1,0,true,true,10,10,186;973;978;425;999;935;543;406;198;847,186;973;978;425;999;935;543;406;198;847,0x1,
WMON_ERC20,68550416,1776365236,0x751beb9cea5957e05caa7b7cfb00c54f69732e095e6aa890c9b64b4fa4f58d9a,0x34389a1cea6513641699ce33f570032e9265967c,0x40ea55e0b8f02f8ebc9d91e082e202ed988647fa,0x3bd359c1119da7da1d913d1c4d2b7c461115433a,WMON,500000000000000000000,500,,0,true,true,1,1,660,660,0x1,
NATIVE_INTERNAL,68560567,1776369294,0xc241babfc17396b861c0db3624db5b4283f01c91ba7a399e3076a3b2329110e8,0x0000000000000068f116a894984e2db1123eb395,0x40ea55e0b8f02f8ebc9d91e082e202ed988647fa,native,MON,249949000000000000000,249.949,0_1,0,true,true,1,1,188,188,0x1,
NATIVE_INTERNAL,68590740,1776381360,0x778a9563931eae41dd1363e4ad5bf2b4fe6c790a6d8b94413aeff4d7bf11ce0b,0x3bd359c1119da7da1d913d1c4d2b7c461115433a,0x40ea55e0b8f02f8ebc9d91e082e202ed988647fa,native,MON,500000000000000000000,500,0_1_1_1_1,0,false,false,0,0,,,0x1,
NATIVE_INTERNAL,68596711,1776383749,0xfdb765d5da8ad355379f9432b5a305a8cbf8b4e9e3233623ae0f0358a04e54c9,0x0000000000000068f116a894984e2db1123eb395,0x40ea55e0b8f02f8ebc9d91e082e202ed988647fa,native,MON,284950000000000000000,284.95,0_1_1_1,0,true,true,1,1,592,592,0x1,
NATIVE_INTERNAL,68632304,1776397977,0xe9aba3d1b486bc59a55971034b15aaf87f2e39f0dde949e873242977ad8dc81c,0x0000000000000068f116a894984e2db1123eb395,0x40ea55e0b8f02f8ebc9d91e082e202ed988647fa,native,MON,274696500000000000000,274.6965,0_1,0,true,true,2,2,243;407,243;407,0x1,
NATIVE_INTERNAL,68638540,1776400468,0xced5689a1d093b051fa0577e596707b7eb0998cae16779c637d049b26711f357,0x0000000000000068f116a894984e2db1123eb395,0x40ea55e0b8f02f8ebc9d91e082e202ed988647fa,native,MON,293450000000000000000,293.45,0_1,0,true,true,1,1,614,614,0x1,
WMON_ERC20,68704621,1776426864,0xf4381998b41f42d183ace0e8212d1c8b69b76ed71bff6ff26f753fa4bc5584d1,0xe6a2d99f1150a8c95c0542360feafca509774bc8,0x40ea55e0b8f02f8ebc9d91e082e202ed988647fa,0x3bd359c1119da7da1d913d1c4d2b7c461115433a,WMON,266704000000000000000,266.704,,0,true,true,1,1,871,871,0x1,
NATIVE_INTERNAL,68704736,1776426910,0x817c631357c44a7ca0bcf5b41898cee76d344039e964bc86065bc3e9f55b09f0,0x0000000000000068f116a894984e2db1123eb395,0x40ea55e0b8f02f8ebc9d91e082e202ed988647fa,native,MON,293998000000000000000,293.998,0_1,0,true,true,1,1,871,871,0x1,
NATIVE_INTERNAL,68721993,1776433812,0xc37f44e5354eb64ad5ae9de24c3e094425f5e9bc3feab055477f9e0438c2ae03,0x0000000000000068f116a894984e2db1123eb395,0x40ea55e0b8f02f8ebc9d91e082e202ed988647fa,native,MON,427750000000000000000,427.75,0_1_1_1,0,true,true,1,1,278,278,0x1,
NATIVE_INTERNAL,68724115,1776434662,0xc97566db5d257c46af277048804c3b6ad40ff2e46ee147885b82a7ae70730e78,0x3bd359c1119da7da1d913d1c4d2b7c461115433a,0x40ea55e0b8f02f8ebc9d91e082e202ed988647fa,native,MON,266704000000000000000,266.704,0_1_1_1_1,0,false,false,0,0,,,0x1,
NATIVE_INTERNAL,68758589,1776448453,0xbbeea28ecb4f988c08db1fbd1012c0807bf9365e930474e67fb2c4355da15626,0x0000000000000068f116a894984e2db1123eb395,0x40ea55e0b8f02f8ebc9d91e082e202ed988647fa,native,MON,293998000000000000000,293.998,0_1_1_1,0,true,true,1,1,1005,1005,0x1,
NATIVE_INTERNAL,68770780,1776453331,0xccdf39b1e2449adbb8326f5a88017af80e6ef443421747f6bbd2a46cd9d63eee,0x0000000000000068f116a894984e2db1123eb395,0x40ea55e0b8f02f8ebc9d91e082e202ed988647fa,native,MON,293999000000000000000,293.999,0_1,0,true,true,4,4,377;392;631;932,377;392;631;932,0x1,
NATIVE_INTERNAL,68807650,1776468220,0x183caa8e21acdd20b26b663c744848c763db43e3d79742ffb111acd80794002e,0x0000000000000068f116a894984e2db1123eb395,0x40ea55e0b8f02f8ebc9d91e082e202ed988647fa,native,MON,314846500000000000000,314.8465,0_1,0,true,true,1,1,877,877,0x1,
NATIVE_INTERNAL,68867407,1776492534,0x87ada5157b2267645779a9b9d8a488461b384320d6ca3d49d36b0c3bcb086ce4,0x0000000000000068f116a894984e2db1123eb395,0x40ea55e0b8f02f8ebc9d91e082e202ed988647fa,native,MON,250000000000000000000,250,0_1,0,true,true,1,1,456,456,0x1,
NATIVE_INTERNAL,68895057,1776503794,0x7c2287472ee68f3f4d3c48b5d21f0ca8c9cdeea69fb711ab8d9857addf95fc1c,0x0000000000000068f116a894984e2db1123eb395,0x40ea55e0b8f02f8ebc9d91e082e202ed988647fa,native,MON,315000000000000000000,315,0_1_1_1,0,true,true,2,2,744;306,744;306,0x1,
NATIVE_INTERNAL,68919780,1776513804,0x72d6c818a72e20396ff6e38a8196793780d3258fb1055505c3a404ea24b8a8b6,0x0000000000000068f116a894984e2db1123eb395,0x40ea55e0b8f02f8ebc9d91e082e202ed988647fa,native,MON,1600000000000000000000,1600,0_1,0,true,true,1,1,605,605,0x1,
NATIVE_INTERNAL,68949642,1776525905,0x3f11c4d8a4184babbbc814c340316c8a11ee98e215ce81b8d2abd6a31fd016b3,0x0000000000000068f116a894984e2db1123eb395,0x40ea55e0b8f02f8ebc9d91e082e202ed988647fa,native,MON,344400000000000000000,344.4,0_1,0,true,true,1,1,583,583,0x1,
NATIVE_INTERNAL,68953426,1776527435,0x2420b102405a9f4764dba337c572b1750d1ff4d066f677a241e4d1a2e87a1192,0x0000000000000068f116a894984e2db1123eb395,0x40ea55e0b8f02f8ebc9d91e082e202ed988647fa,native,MON,348400000000000000000,348.4,0_1_1_1,0,true,true,1,1,1012,1012,0x1,
NATIVE_INTERNAL,68953824,1776527598,0x730751cd577c4aac6a58e618bb1aede07f45bcc340455edafee4a2fab9507df2,0x0000000000000068f116a894984e2db1123eb395,0x40ea55e0b8f02f8ebc9d91e082e202ed988647fa,native,MON,425000000000000000000,425,0_1,0,true,true,1,1,581,581,0x1,
NATIVE_INTERNAL,68955064,1776528104,0xa2a5ea1fb6498ac9fedc86fc7b902f3bd040144373322e38e6a3a7677bdd6a02,0x0000000000000068f116a894984e2db1123eb395,0x40ea55e0b8f02f8ebc9d91e082e202ed988647fa,native,MON,444400000000000000000,444.4,0_1,0,true,true,1,1,654,654,0x1,
NATIVE_INTERNAL,68974323,1776535911,0x4d009a8702e22c65cfb441a539c2f30e3d1a8e02f8c33189b30f62fc06f5efc7,0x0000000000000068f116a894984e2db1123eb395,0x40ea55e0b8f02f8ebc9d91e082e202ed988647fa,native,MON,2216650000000000000000,2216.65,0_1,0,true,true,1,1,244,244,0x1,
NATIVE_INTERNAL,69001569,1776546945,0x2070d0cc91f53e0caaa24f157349a6343e1e13ea83daaf137281afbd625d5fb8,0x0000000000000068f116a894984e2db1123eb395,0x40ea55e0b8f02f8ebc9d91e082e202ed988647fa,native,MON,500000000000000000000,500,0_1,0,true,true,1,1,619,619,0x1,
NATIVE_INTERNAL,69083522,1776580159,0x352335e3a81da39957b51666cc565716a4c8d9c1a2f2c95685d0a477de81e48b,0x0000000000000068f116a894984e2db1123eb395,0x40ea55e0b8f02f8ebc9d91e082e202ed988647fa,native,MON,530000000000000000000,530,0_1,0,true,true,1,1,427,427,0x1,
WMON_ERC20,69085610,1776581007,0x59fbc4cf411e5c28d8343725357d6ec2ca1122e0c33ae971d867f495f9f1e167,0x0c3ba44707314e6801413e7ab80c5122663cff7c,0x40ea55e0b8f02f8ebc9d91e082e202ed988647fa,0x3bd359c1119da7da1d913d1c4d2b7c461115433a,WMON,362750000000000000000,362.75,,0,true,true,1,1,264,264,0x1,
NATIVE_INTERNAL,69104656,1776588724,0x9e03c4a6e10c0b69bd745f036d16c6f1fedffb0a5115bb48f889bf9d85419fdb,0x0000000000000068f116a894984e2db1123eb395,0x40ea55e0b8f02f8ebc9d91e082e202ed988647fa,native,MON,725000000000000000000,725,0_1,0,true,true,1,1,508,508,0x1,
NATIVE_INTERNAL,69155284,1776609249,0x3ba42a65b6f5295d761aa0398126c3021e4ce43135f77ffce5719f91b1e0fe9d,0x0000000000000068f116a894984e2db1123eb395,0x40ea55e0b8f02f8ebc9d91e082e202ed988647fa,native,MON,499850000000000000000,499.85,0_1,0,true,true,1,1,794,794,0x1,
NATIVE_INTERNAL,69169184,1776614885,0x5b6cfa6c447caed298e4322a12f572ab76f59d2da07eef8fc6b1f8f6e2935f63,0x0000000000000068f116a894984e2db1123eb395,0x40ea55e0b8f02f8ebc9d91e082e202ed988647fa,native,MON,499950000000000000000,499.95,0_1_1_1,0,true,true,1,1,917,917,0x1,
NATIVE_INTERNAL,69173761,1776616748,0x803498898148390e76cb78948ecb65b7231a8a457fa28fc00763ca11cf280b37,0x0000000000000068f116a894984e2db1123eb395,0x40ea55e0b8f02f8ebc9d91e082e202ed988647fa,native,MON,499950000000000000000,499.95,0_1,0,true,true,5,5,385;262;757;686;876,385;262;757;686;876,0x1,
NATIVE_INTERNAL,69181055,1776619712,0x94bcb74fe1da0b4b2793a13c5458623b42aab4632ace00c7901becab04850ea5,0x0000000000000068f116a894984e2db1123eb395,0x40ea55e0b8f02f8ebc9d91e082e202ed988647fa,native,MON,750000000000000000000,750,0_1,0,true,true,1,1,778,778,0x1,
NATIVE_INTERNAL,69187088,1776622161,0xb565cc878fc40c4e7f651231ecb05b4b8426e0639ef0e76aff7313a77df8c858,0x0000000000000068f116a894984e2db1123eb395,0x40ea55e0b8f02f8ebc9d91e082e202ed988647fa,native,MON,725000000000000000000,725,0_1,0,true,true,1,1,283,283,0x1,
NATIVE_INTERNAL,69207423,1776630386,0x0cd70f4a76d89719281dcdc75588a655d5c92d2c2ab047e8ff75aaad081c6574,0x0000000000000068f116a894984e2db1123eb395,0x40ea55e0b8f02f8ebc9d91e082e202ed988647fa,native,MON,1650000000000000000000,1650,0_1,0,true,true,1,1,694,694,0x1,
NATIVE_INTERNAL,69225179,1776637595,0xca29f7e1d73464667a2dbe038c9f532c6413147ac1446519e387bd2b706a9136,0x0000000000000068f116a894984e2db1123eb395,0x40ea55e0b8f02f8ebc9d91e082e202ed988647fa,native,MON,700000000000000000000,700,0_1,0,true,true,1,1,259,259,0x1,
NATIVE_INTERNAL,69237890,1776642747,0x69345447e0a66ac9a7a3f479988e317119be7fbd4782949beccb3752a6c1ba82,0x3bd359c1119da7da1d913d1c4d2b7c461115433a,0x40ea55e0b8f02f8ebc9d91e082e202ed988647fa,native,MON,362750000000000000000,362.75,0_1_1_1_1,0,false,false,0,0,,,0x1,
WMON_ERC20,69509866,1776751671,0xf40032f59a5b0df1f6017b0efcdf0be711106592dc400577fecb1902dc72d60d,0x0c3ba44707314e6801413e7ab80c5122663cff7c,0x40ea55e0b8f02f8ebc9d91e082e202ed988647fa,0x3bd359c1119da7da1d913d1c4d2b7c461115433a,WMON,465001000000000000000,465.001,,0,true,true,1,1,810,810,0x1,
NATIVE_INTERNAL,69586370,1776782236,0x9d88468b93a2a467a2daa902c8df82d1dfd46a0a22963b6b0a0b16a848e4dc33,0x0000000000000068f116a894984e2db1123eb395,0x40ea55e0b8f02f8ebc9d91e082e202ed988647fa,native,MON,600000000000000000000,600,0_1,0,true,true,1,1,930,930,0x1,
WMON_ERC20,69713267,1776832987,0x51cb33dada1741d9dc60f387c0a0d5ad2fcbba9ff48d95fdc04079b943d5feef,0x4e4aac9fe63d4ff50c8b09d79448a6a39baa97ef,0x40ea55e0b8f02f8ebc9d91e082e202ed988647fa,0x3bd359c1119da7da1d913d1c4d2b7c461115433a,WMON,2470402000000000000000,2470.402,,0,true,true,6,6,779;585;781;775;295;487,779;585;781;775;295;487,0x1,
NATIVE_INTERNAL,69818440,1776875012,0x8e74b53f717562f53393e1eec87e77e1782ef26513b7ccad785ae61b66cc9464,0x3bd359c1119da7da1d913d1c4d2b7c461115433a,0x40ea55e0b8f02f8ebc9d91e082e202ed988647fa,native,MON,2935403000000000000000,2935.403,0_1_1_1_1,0,false,false,0,0,,,0x1,
NATIVE_INTERNAL,70013687,1776953054,0x5013843be014ef470dd87b59e895ffecf5da378867ca051e887c6efea2de1650,0x0000000000000068f116a894984e2db1123eb395,0x40ea55e0b8f02f8ebc9d91e082e202ed988647fa,native,MON,434499000000000000000,434.499,0_1,0,true,true,1,1,315,315,0x1,
WMON_ERC20,70068538,1776974971,0xe3fd8b44208b9d280a5a4e29e8e05db1694d0f76d1b310bcf827c38ce738851a,0xc6507b7dfae484aaa78fe8627280a5dd28dca7db,0x40ea55e0b8f02f8ebc9d91e082e202ed988647fa,0x3bd359c1119da7da1d913d1c4d2b7c461115433a,WMON,367500000000000000000,367.5,,0,true,true,1,1,756,756,0x1,
NATIVE_INTERNAL,70109491,1776991340,0x4915635b0c6b72d2f230a0063ade7638caef3ffceeef25b7f63378e50f9c873d,0x0000000000000068f116a894984e2db1123eb395,0x40ea55e0b8f02f8ebc9d91e082e202ed988647fa,native,MON,429899000000000000000,429.899,0_1,0,true,true,1,1,459,459,0x1,
NATIVE_INTERNAL,70130038,1776999548,0x43d5286c683a6330b1ba82cbbe29220946e186775e946fd04e5da39d6b2fb64c,0x3bd359c1119da7da1d913d1c4d2b7c461115433a,0x40ea55e0b8f02f8ebc9d91e082e202ed988647fa,native,MON,367500000000000000000,367.5,0_1_1_1_1,0,false,false,0,0,,,0x1,
WMON_ERC20,70274601,1777057293,0x1ac43835d61d6b99014f62cea523469d89a3394eb95386f6a5f1a4569acd28b1,0x8f50d2652128969c76bf4c06bdb519ef95757308,0x40ea55e0b8f02f8ebc9d91e082e202ed988647fa,0x3bd359c1119da7da1d913d1c4d2b7c461115433a,WMON,350000000000000000000,350,,0,true,true,1,1,851,851,0x1,
NATIVE_INTERNAL,70328049,1777078652,0x09d7c901f8101b8d7b0d410cdbe931e8aef459061e133e6f149e0b95e747f85c,0x3bd359c1119da7da1d913d1c4d2b7c461115433a,0x40ea55e0b8f02f8ebc9d91e082e202ed988647fa,native,MON,350000000000000000000,350,0_1_1_1_1,0,false,false,0,0,,,0x1,
NATIVE_INTERNAL,70447356,1777126342,0x495a87853f1ded558feefb151a35cc1f6456a0f419686c57c4f6e76b04d0fdad,0x0000000000000068f116a894984e2db1123eb395,0x40ea55e0b8f02f8ebc9d91e082e202ed988647fa,native,MON,349999000000000000000,349.999,0_1_1_1,0,true,true,1,1,249,249,0x1,
WMON_ERC20,70507983,1777150566,0x1fee32020269c90aa15e3e2eddb8a67ced586d59060a1489c1e4855bd59dbb60,0xaeb09ed3407a354f1a63e82953a26fe8f2fcc261,0x40ea55e0b8f02f8ebc9d91e082e202ed988647fa,0x3bd359c1119da7da1d913d1c4d2b7c461115433a,WMON,360001000000000000000,360.001,,0,true,true,1,1,305,305,0x1,
WMON_ERC20,70548310,1777166698,0x39e362a786ded8151c559492a16c7ce2f724c188a019b5e264505cd2d3e2efa6,0x42626cd748d67d5c2c27f3afaadc3bea28a7ea82,0x40ea55e0b8f02f8ebc9d91e082e202ed988647fa,0x3bd359c1119da7da1d913d1c4d2b7c461115433a,WMON,335027500000000000000,335.0275,,0,true,true,1,1,971,971,0x1,
NATIVE_INTERNAL,70596094,1777185795,0xe7fd4fb35e884cd0c75731c782ca53466ba5e0fbb6e140a0ea476e1423038f24,0x0000000000000068f116a894984e2db1123eb395,0x40ea55e0b8f02f8ebc9d91e082e202ed988647fa,native,MON,364999000000000000000,364.999,0_1,0,true,true,1,1,305,305,0x1,
NATIVE_INTERNAL,70789503,1777263059,0x7f09b704053e569aba862c8372f32aea372a2006ebec64ee4d900221d3f9f094,0x0000000000000068f116a894984e2db1123eb395,0x40ea55e0b8f02f8ebc9d91e082e202ed988647fa,native,MON,374999000000000000000,374.999,0_1,0,true,true,1,1,971,971,0x1,
NATIVE_INTERNAL,70885956,1777301603,0x4acabd362417f235f54e3370c8d893ab02872e5201875671d16646be6e4626ed,0x3bd359c1119da7da1d913d1c4d2b7c461115433a,0x40ea55e0b8f02f8ebc9d91e082e202ed988647fa,native,MON,695028500000000000000,695.0285,0_1_1_1_1,0,false,false,0,0,,,0x1,
WMON_ERC20,70976296,1777337704,0xc6927d854de6032e335ca56c21a9d2f3c6ee1fc1fe93ea5cdef12125df626d90,0xe786b4e761a032f4cea9b0a11ed36e5ae6b48c79,0x40ea55e0b8f02f8ebc9d91e082e202ed988647fa,0x3bd359c1119da7da1d913d1c4d2b7c461115433a,WMON,340010000000000000000,340.01,,0,true,true,1,1,772,772,0x1,
WMON_ERC20,70994560,1777345002,0x765123dd886eb1ad03b47c6478f88836e32b17e97d1c562f42dc759f8d64b33b,0x42626cd748d67d5c2c27f3afaadc3bea28a7ea82,0x40ea55e0b8f02f8ebc9d91e082e202ed988647fa,0x3bd359c1119da7da1d913d1c4d2b7c461115433a,WMON,340400000000000000000,340.4,,0,true,true,1,1,894,894,0x1,
NATIVE_INTERNAL,71009016,1777350772,0xe38f4480516f7cd9a0cda5ede90694dc2b0577de3ed3f47b3141139e4f886ae2,0x3bd359c1119da7da1d913d1c4d2b7c461115433a,0x40ea55e0b8f02f8ebc9d91e082e202ed988647fa,native,MON,680410000000000000000,680.41,0_1_1_1_1,0,false,false,0,0,,,0x1,
WMON_ERC20,71013966,1777352752,0x5d3344ff696dfeb10b39f2f62cee040517aa77fedd9c6721d9c98125e60a191a,0x1ebd439700d6698f9870893650d1da0abe328907,0x40ea55e0b8f02f8ebc9d91e082e202ed988647fa,0x3bd359c1119da7da1d913d1c4d2b7c461115433a,WMON,367500000000000000000,367.5,,0,true,true,1,1,469,469,0x1,
NATIVE_INTERNAL,71082976,1777380324,0xcf566f5276ab4be2513f2200541df904c58d584bde39d195c7f59a34818557b2,0x3bd359c1119da7da1d913d1c4d2b7c461115433a,0x40ea55e0b8f02f8ebc9d91e082e202ed988647fa,native,MON,367500000000000000000,367.5,0_1_1_1_1,0,false,false,0,0,,,0x1,
WMON_ERC20,71107122,1777389982,0xee6977b4cbc5536de6b20761778e1a7032ec0884a790074475eccbc81a8f8690,0x5935ba4be0d2abe85f5d8fbeb89325ef281f12fc,0x40ea55e0b8f02f8ebc9d91e082e202ed988647fa,0x3bd359c1119da7da1d913d1c4d2b7c461115433a,WMON,344400000000000000000,344.4,,0,true,true,1,1,856,856,0x1,
NATIVE_INTERNAL,71131280,1777399645,0xf2d2f2a2ac6c8a1aad74bc7ed78a85f27be3e58018846e03ea46f7d99b9aeec8,0x0000000000000068f116a894984e2db1123eb395,0x40ea55e0b8f02f8ebc9d91e082e202ed988647fa,native,MON,349999000000000000000,349.999,0_1,0,true,true,1,1,883,883,0x1,
NATIVE_INTERNAL,71153866,1777408657,0xc05d0aa1a870c541dabf3fe129f606a4791399fd66724bbb89930e0a019e38b4,0x3bd359c1119da7da1d913d1c4d2b7c461115433a,0x40ea55e0b8f02f8ebc9d91e082e202ed988647fa,native,MON,344400000000000000000,344.4,0_1_1_1_1,0,false,false,0,0,,,0x1,
NATIVE_INTERNAL,71289108,1777462649,0x95d5ff195bd3692c914130fc4cc942dd10dc9bb9ba54d503b0eeb94cd9d9e6d6,0x0000000000000068f116a894984e2db1123eb395,0x40ea55e0b8f02f8ebc9d91e082e202ed988647fa,native,MON,394999000000000000000,394.999,0_1_1_1,0,true,true,1,1,700,700,0x1,
WMON_ERC20,71314188,1777472671,0x60e15690d4e803484a54a1da8d4d0e9481dbbfb7bdadf185864c6b2d4c728b39,0x9e83af29ac55bee937fbec87da0030f4fd4bc166,0x40ea55e0b8f02f8ebc9d91e082e202ed988647fa,0x3bd359c1119da7da1d913d1c4d2b7c461115433a,WMON,328000000000000000000,328,,0,true,true,1,1,305,305,0x1,
NATIVE_INTERNAL,71318479,1777474386,0xf554a3211f1e5972ac2aaf2327afd5de807b2e1fd5beb98fce98432940e565f1,0x3bd359c1119da7da1d913d1c4d2b7c461115433a,0x40ea55e0b8f02f8ebc9d91e082e202ed988647fa,native,MON,328000000000000000000,328,0_1_1_1_1,0,false,false,0,0,,,0x1,
NATIVE_INTERNAL,71563674,1777572659,0x2320798e990c00f805133142087323a9f5effacbac520d0f3f035d57778dbd2d,0x0000000000000068f116a894984e2db1123eb395,0x40ea55e0b8f02f8ebc9d91e082e202ed988647fa,native,MON,445000000000000000000,445,0_1,0,true,true,1,1,284,284,0x1,
NATIVE_INTERNAL,71594644,1777585028,0x90a096ef9ad92ca8dee6849c5c2fdb961408514fb5163a5c0ef09e1b1e8e678d,0x0000000000000068f116a894984e2db1123eb395,0x40ea55e0b8f02f8ebc9d91e082e202ed988647fa,native,MON,2750000000000000000000,2750,0_1_1_1,0,true,true,1,1,749,749,0x1,
NATIVE_INTERNAL,71740695,1777643359,0xc95172774e3cfe9a513c6ff0c86996e0859b5d1c7d89ab3d845863dee45a9375,0x0000000000000068f116a894984e2db1123eb395,0x40ea55e0b8f02f8ebc9d91e082e202ed988647fa,native,MON,349799000000000000000,349.799,0_1,0,true,true,1,1,925,925,0x1,
NATIVE_INTERNAL,71822126,1777675908,0xba1544722217337915a94dca0e1bf81b1fca5f4fa742f44a2e0c9303678d3bd2,0x0000000000000068f116a894984e2db1123eb395,0x40ea55e0b8f02f8ebc9d91e082e202ed988647fa,native,MON,389449000000000000000,389.449,0_1,0,true,true,1,1,145,145,0x1,
WMON_ERC20,71978657,1777738435,0x8a251b568823ef4d27b7a4e5f1b87c371dfca9c2886af5c87fec7e3a845e68a4,0xe6a2d99f1150a8c95c0542360feafca509774bc8,0x40ea55e0b8f02f8ebc9d91e082e202ed988647fa,0x3bd359c1119da7da1d913d1c4d2b7c461115433a,WMON,355051000000000000000,355.051,,0,true,true,1,1,853,853,0x1,
NATIVE_INTERNAL,71978768,1777738479,0xe19d4652e04b4c83c153fec88d81d3c2286f11679d5b167c19c21eb76de70a63,0x3bd359c1119da7da1d913d1c4d2b7c461115433a,0x40ea55e0b8f02f8ebc9d91e082e202ed988647fa,native,MON,355051000000000000000,355.051,0_1_1_1_1,0,false,false,0,0,,,0x1,
NATIVE_INTERNAL,72089856,1777782829,0x27d51190d4f4d90cb52c91fc502fe96250e69e36a14a5d7f379b1a278583af28,0x0000000000000068f116a894984e2db1123eb395,0x40ea55e0b8f02f8ebc9d91e082e202ed988647fa,native,MON,361999000000000000000,361.999,0_1,0,true,true,1,1,853,853,0x1,
NATIVE_INTERNAL,72126845,1777797597,0x4a9974bb0335ae12134af147c6c503e5067db3b1a9c1eb2f97132af30528289d,0x0000000000000068f116a894984e2db1123eb395,0x40ea55e0b8f02f8ebc9d91e082e202ed988647fa,native,MON,349999000000000000000,349.999,0_1_1_1,0,true,true,1,1,795,795,0x1,
WMON_ERC20,72254970,1777849117,0x44195a3d234daaeef1ba7c39ada152f0238574410a2964c345c0e5e5047e3817,0x84f6fdad487ed45bd8d8dc8ea72bcc8562da27ce,0x40ea55e0b8f02f8ebc9d91e082e202ed988647fa,0x3bd359c1119da7da1d913d1c4d2b7c461115433a,WMON,330001000000000000000,330.001,,0,true,true,1,1,933,933,0x1,
WMON_ERC20,72255018,1777849136,0x25a9826d84f45d98630eb434b94a20cddb53172d3d4311ac3ee4a492290a8e89,0xaf9a1b73db97a0ff2c5c5e5527c25aad0e09a3e2,0x40ea55e0b8f02f8ebc9d91e082e202ed988647fa,0x3bd359c1119da7da1d913d1c4d2b7c461115433a,WMON,330000000000000000000,330,,0,true,true,1,1,790,790,0x1,
NATIVE_INTERNAL,72255586,1777849366,0x6f5229d5c7fc5999136555790f182c734f4d343fe15659b366fc74042105b466,0x3bd359c1119da7da1d913d1c4d2b7c461115433a,0x40ea55e0b8f02f8ebc9d91e082e202ed988647fa,native,MON,660001000000000000000,660.001,0_1_1_1_1,0,false,false,0,0,,,0x1,
NATIVE_INTERNAL,72262051,1777851972,0x076cc474c8ae3fca7d363d9092241782e965f475ba8ae71ba0eff4d4eda4db84,0x0000000000000068f116a894984e2db1123eb395,0x40ea55e0b8f02f8ebc9d91e082e202ed988647fa,native,MON,349849000000000000000,349.849,0_1,0,true,true,1,1,335,335,0x1,
WMON_ERC20,72264161,1777852825,0xe5ca264751d44ed7830faf25b8896c89da6f01f5fe352395026c571a50ae4a3c,0x9e83af29ac55bee937fbec87da0030f4fd4bc166,0x40ea55e0b8f02f8ebc9d91e082e202ed988647fa,0x3bd359c1119da7da1d913d1c4d2b7c461115433a,WMON,280054500000000000000,280.0545,,0,true,true,1,1,572,572,0x1,
NATIVE_INTERNAL,72265320,1777853292,0x70cfbe0c3f3d65a965719b2fd69c49edeb6cb943d865d1955313a1996115046f,0x3bd359c1119da7da1d913d1c4d2b7c461115433a,0x40ea55e0b8f02f8ebc9d91e082e202ed988647fa,native,MON,280054500000000000000,280.0545,0_1_1_1_1,0,false,false,0,0,,,0x1,
WMON_ERC20,72479433,1777938980,0x409ca09d91f87e40ee9e03623c2b0d9be503343503b4a2e03fd8d21f956cadd3,0xb8898bb87b07bac7ba9c2268e6d0640d5a208a7a,0x40ea55e0b8f02f8ebc9d91e082e202ed988647fa,0x3bd359c1119da7da1d913d1c4d2b7c461115433a,WMON,205002000000000000000,205.002,,0,true,true,1,1,835,835,0x1,
WMON_ERC20,72561509,1777971764,0x532ac3063a9f049fccd565e7218e7049f43ca9a75cc68c7607a2a273ba0ee63a,0xe6a2d99f1150a8c95c0542360feafca509774bc8,0x40ea55e0b8f02f8ebc9d91e082e202ed988647fa,0x3bd359c1119da7da1d913d1c4d2b7c461115433a,WMON,250051000000000000000,250.051,,0,true,true,1,1,479,479,0x1,
NATIVE_INTERNAL,72587628,1777982206,0x0a28e91babd0c9188f01f1c4fcb6e50d25a57f6137df025bfed39cf96dc816de,0x0000000000000068f116a894984e2db1123eb395,0x40ea55e0b8f02f8ebc9d91e082e202ed988647fa,native,MON,294817500000000000000,294.8175,0_1,0,true,true,1,1,479,479,0x1,
NATIVE_INTERNAL,72602191,1777988037,0x82ac87ab3c2fd82f560755ecbaa45e06ccdfbcdbad73438d0b9bd3ebbeb2fa92,0x3bd359c1119da7da1d913d1c4d2b7c461115433a,0x40ea55e0b8f02f8ebc9d91e082e202ed988647fa,native,MON,455053000000000000000,455.053,0_1_1_1_1,0,false,false,0,0,,,0x1,
WMON_ERC20,72707346,1778030058,0xac661516ea3046a8c2ea8045c313907c2dfc908577ba83c2d4412b4b5d0f870a,0x4f2a7538a0f1d294348c8f25e8d223ff13b22918,0x40ea55e0b8f02f8ebc9d91e082e202ed988647fa,0x3bd359c1119da7da1d913d1c4d2b7c461115433a,WMON,257901000000000000000,257.901,,0,true,true,1,1,370,370,0x1,
NATIVE_INTERNAL,72708292,1778030436,0x56532e7b4c79cbe99a34d5fdcde31f4b9a2fba6d506ca495dd4996d637e40233,0x3bd359c1119da7da1d913d1c4d2b7c461115433a,0x40ea55e0b8f02f8ebc9d91e082e202ed988647fa,native,MON,257901000000000000000,257.901,0_1_1_1_1,0,false,false,0,0,,,0x1,
NATIVE_INTERNAL,72731479,1778039692,0x2f2e3bc8ee7e1ee0bcbaa60cb27e3df6346a684a51a164d479084098d1ee5b69,0x0000000000000068f116a894984e2db1123eb395,0x40ea55e0b8f02f8ebc9d91e082e202ed988647fa,native,MON,279999000000000000000,279.999,0_1,0,true,true,1,1,370,370,0x1,
NATIVE_INTERNAL,72829437,1778078950,0x85bb3df766d0b65bffee446a4c864877ef08a6b17b312fc4495f95c097514bc5,0xf10ed040f182511ef2179adea749920881a4eef9,0x40ea55e0b8f02f8ebc9d91e082e202ed988647fa,native,MON,10000000000000000000000,10000,0_1_1,0,false,false,0,0,,,0x1,
NATIVE_INTERNAL,72837647,1778082234,0x30f605fc0090d7e64baf33a3f494a8148444d645a5f522a8a2d314ad590bfb2a,0x0000000000000068f116a894984e2db1123eb395,0x40ea55e0b8f02f8ebc9d91e082e202ed988647fa,native,MON,324700000000000000000,324.7,0_1,0,true,true,1,1,788,788,0x1,
NATIVE_INTERNAL,73007181,1778149949,0x0e016dab5785b6d821260f9c279efcd64ca8caefad2721669fb8f66c10f96695,0x0000000000000068f116a894984e2db1123eb395,0x40ea55e0b8f02f8ebc9d91e082e202ed988647fa,native,MON,270599000000000000000,270.599,0_1,0,true,true,1,1,433,433,0x1,
WMON_ERC20,73041171,1778163511,0x7f4631c3744f2817139ffa688194b905562a91a4b217ac42c2480db42538787a,0xdb9f87b2caad07f89a6730a57013d5ccaf615fea,0x40ea55e0b8f02f8ebc9d91e082e202ed988647fa,0x3bd359c1119da7da1d913d1c4d2b7c461115433a,WMON,270500000000000000000,270.5,,0,true,true,1,1,812,812,0x1,
NATIVE_INTERNAL,73472774,1778335810,0xa274087ccbba2db8e4a9d7444a5966f63235eb05eef67ae5ae6dbbc186fbc5d2,0x3bd359c1119da7da1d913d1c4d2b7c461115433a,0x40ea55e0b8f02f8ebc9d91e082e202ed988647fa,native,MON,270500000000000000000,270.5,0_1_1_1_1,0,false,false,0,0,,,0x1,
NATIVE_INTERNAL,73518521,1778354073,0x08845ed97f18766d9a140cf709ce7cd5a576da581fe6cace0b88e576715c31fa,0x0000000000000068f116a894984e2db1123eb395,0x40ea55e0b8f02f8ebc9d91e082e202ed988647fa,native,MON,294999000000000000000,294.999,0_1,0,true,true,1,1,692,692,0x1,
WMON_ERC20,73576500,1778377179,0x2914335e9f3fb6939f9d97fb81e7f3a55c4e787cab16a0ac99555ec03c6be6ff,0xb8898bb87b07bac7ba9c2268e6d0640d5a208a7a,0x40ea55e0b8f02f8ebc9d91e082e202ed988647fa,0x3bd359c1119da7da1d913d1c4d2b7c461115433a,WMON,215013500000000000000,215.0135,,0,true,true,1,1,573,573,0x1,
NATIVE_INTERNAL,73646719,1778405346,0x7250ba2563220acf8233ee6907debc1349ba8ba5743841bda42a4292311b9fce,0x0000000000000068f116a894984e2db1123eb395,0x40ea55e0b8f02f8ebc9d91e082e202ed988647fa,native,MON,275000000000000000000,275,0_1_1_1,0,true,true,1,1,595,595,0x1,
NATIVE_INTERNAL,73705180,1778429003,0x09195a34fab7bbd1c2e611f835ffc39e0eed82cb8dc5f832f9f3f797db1e7394,0x3bd359c1119da7da1d913d1c4d2b7c461115433a,0x40ea55e0b8f02f8ebc9d91e082e202ed988647fa,native,MON,215013500000000000000,215.0135,0_1_1_1_1,0,false,false,0,0,,,0x1,
NATIVE_INTERNAL,74151199,1778607828,0xe755d238646d949063f9916b6b7a3c0a51cd31983c29f10f257f06f96fb49e87,0x0000000000000068f116a894984e2db1123eb395,0x40ea55e0b8f02f8ebc9d91e082e202ed988647fa,native,MON,247496000000000000000,247.496,0_1,0,true,true,1,1,957,957,0x1,
WMON_ERC20,74497094,1778745889,0xe637f32848fc1beed1c1574c34c6e9ecb10911874ce953217bd8481763f121fc,0x2a381618a48d5bc8ae24827c85d9328525347ccc,0x40ea55e0b8f02f8ebc9d91e082e202ed988647fa,0x3bd359c1119da7da1d913d1c4d2b7c461115433a,WMON,245755000000000000000,245.755,,0,true,true,1,1,629,629,0x1,
NATIVE_INTERNAL,74653400,1778808798,0x469076261a98ead132a51c238bb3dd1ac06d8d21ae173f247e9a7aac43c2a2cd,0x3bd359c1119da7da1d913d1c4d2b7c461115433a,0x40ea55e0b8f02f8ebc9d91e082e202ed988647fa,native,MON,245755000000000000000,245.755,0_1_1_1_1,0,false,false,0,0,,,0x1,
WMON_ERC20,74989951,1778943683,0xce59e1ab2995ed7ba8cbf6fce675aa6711cc1f0dc6c736c21f3d63d4cf88f309,0x15d4be08414cba09173b64206fd0761def77078c,0x40ea55e0b8f02f8ebc9d91e082e202ed988647fa,0x3bd359c1119da7da1d913d1c4d2b7c461115433a,WMON,177750000000000000000,177.75,,0,true,true,1,1,856,856,0x1,
NATIVE_INTERNAL,75151954,1779008547,0xdde30b0984745f1239946d23fe4c409a9c5636eff19cd370d78b198665eaac1a,0x0000000000000068f116a894984e2db1123eb395,0x40ea55e0b8f02f8ebc9d91e082e202ed988647fa,native,MON,199986500000000000000,199.9865,0_1_1_1,0,true,true,1,1,414,414,0x1,
WMON_ERC20,75225616,1779038072,0xdff041515ddb2794edb7a5f9799840aa3f566c931a745d598b3819dec3634841,0x84f6fdad487ed45bd8d8dc8ea72bcc8562da27ce,0x40ea55e0b8f02f8ebc9d91e082e202ed988647fa,0x3bd359c1119da7da1d913d1c4d2b7c461115433a,WMON,155500000000000000000,155.5,,0,true,true,1,1,1005,1005,0x1,
WMON_ERC20,75225740,1779038122,0x2649ad44c2b287f177140a9858b8f181f2efd2745ef95bf6b1770ca1b837efb6,0x21716be3cc46738fb1c4b5bdb07c76478e08ff18,0x40ea55e0b8f02f8ebc9d91e082e202ed988647fa,0x3bd359c1119da7da1d913d1c4d2b7c461115433a,WMON,155302000000000000000,155.302,,0,true,true,1,1,208,208,0x1,
WMON_ERC20,75225800,1779038147,0x6f2fd2a254d6cc2a31282c8f42eb0762fe7df7a7e9ae041105286f053b8f9f15,0xe6a2d99f1150a8c95c0542360feafca509774bc8,0x40ea55e0b8f02f8ebc9d91e082e202ed988647fa,0x3bd359c1119da7da1d913d1c4d2b7c461115433a,WMON,155303000000000000000,155.303,,0,true,true,1,1,874,874,0x1,
WMON_ERC20,75225858,1779038170,0xcd027e320cc76e5b4516566cc83eca1889ab89b67d4ae9ff967dd1a3b2c684bf,0x20125a72302e71fe9d8a91caeb39674e9e8790e5,0x40ea55e0b8f02f8ebc9d91e082e202ed988647fa,0x3bd359c1119da7da1d913d1c4d2b7c461115433a,WMON,155300000000000000000,155.3,,0,true,true,1,1,614,614,0x1,
NATIVE_INTERNAL,75442651,1779125179,0xdb457d8ae3b6decdca2972b832af19095fd33ea9861b7b6c077c2853d8412e1c,0x0000000000000068f116a894984e2db1123eb395,0x40ea55e0b8f02f8ebc9d91e082e202ed988647fa,native,MON,348999000000000000000,348.999,0_1,0,true,true,2,2,874;711,874;711,0x1,
NATIVE_INTERNAL,75444615,1779125962,0xa099fc04ae5760552cd74d2383078db50d9bb270c0e6eae47081cbd37753ae9b,0x0000000000000068f116a894984e2db1123eb395,0x40ea55e0b8f02f8ebc9d91e082e202ed988647fa,native,MON,200000000000000000000,200,0_1_1_1,0,true,true,1,1,300,300,0x1,
NATIVE_INTERNAL,75463046,1779133324,0x1d272e7512bb953d0e39ffe9e74b67eabb4a4d0f62f316289d7d153ebc33b065,0x3bd359c1119da7da1d913d1c4d2b7c461115433a,0x40ea55e0b8f02f8ebc9d91e082e202ed988647fa,native,MON,799155000000000000000,799.155,0_1_1_1_1,0,false,false,0,0,,,0x1,
WMON_ERC20,75565054,1779174612,0x981c7318feb632d9687d5ef95e1826d2d251f66cfc8bc3c8a8c26f9d1bd276e5,0xee43852a07ea26b453e309e02a603c5e328c782b,0x40ea55e0b8f02f8ebc9d91e082e202ed988647fa,0x3bd359c1119da7da1d913d1c4d2b7c461115433a,WMON,200001000000000000000,200.001,,0,true,true,1,1,621,621,0x1,
NATIVE_INTERNAL,75570689,1779176862,0x854f52e553b72ed92a0763c9e9f7fc24905d1f09fd56d742143154a4260188f0,0x0000000000000068f116a894984e2db1123eb395,0x40ea55e0b8f02f8ebc9d91e082e202ed988647fa,native,MON,204999000000000000000,204.999,0_1,0,true,true,1,1,621,621,0x1,
NATIVE_INTERNAL,75623502,1779198065,0x5a9b6f73dec8042929af6e7bb74da45a401c5d9228990b53dccfd3358542f879,0x3bd359c1119da7da1d913d1c4d2b7c461115433a,0x40ea55e0b8f02f8ebc9d91e082e202ed988647fa,native,MON,200001000000000000000,200.001,0_1_1_1_1,0,false,false,0,0,,,0x1,
NATIVE_INTERNAL,76162907,1779413726,0x291614d44b6bcee4325dafff65cee9e126550a08f643b6513a270e39ae7a7ce3,0x0000000000000068f116a894984e2db1123eb395,0x40ea55e0b8f02f8ebc9d91e082e202ed988647fa,native,MON,275024500000000000000,275.0245,0_1_1_1,0,true,true,1,1,602,602,0x1,
NATIVE_INTERNAL,76199302,1779428256,0x1e920b706c2f410f3faf47536fb658f7835c8527b48629509e3dd3558d146310,0x0000000000000068f116a894984e2db1123eb395,0x40ea55e0b8f02f8ebc9d91e082e202ed988647fa,native,MON,354999000000000000000,354.999,0_1,0,true,true,1,1,757,757,0x1,
NATIVE_INTERNAL,76411289,1779512966,0x2798fb2534815bb4916b07c363bb912ea594b134b5c6f32cddd9106022b3a456,0x0000000000000068f116a894984e2db1123eb395,0x40ea55e0b8f02f8ebc9d91e082e202ed988647fa,native,MON,421649000000000000000,421.649,0_1,0,true,true,1,1,187,187,0x1,
NATIVE_INTERNAL,76445437,1779526597,0xf3bec2d15779281d3d50b97bf14d7e907b6f2ca65b1fdbcbe33cdd091ef69270,0x0000000000000068f116a894984e2db1123eb395,0x40ea55e0b8f02f8ebc9d91e082e202ed988647fa,native,MON,449949000000000000000,449.949,0_1,0,true,true,2,2,595;971,595;971,0x1,
NATIVE_INTERNAL,76536943,1779563152,0x8e39c1b8c36da139f38a1b0193068a673f396ebb585f7cec7d7072314cdd51da,0x0000000000000068f116a894984e2db1123eb395,0x40ea55e0b8f02f8ebc9d91e082e202ed988647fa,native,MON,525000000000000000000,525,0_1,0,true,true,3,3,942;217;814,942;217;814,0x1,
NATIVE_INTERNAL,76543581,1779565810,0x7db2d5b90220c20260dfcd0aed4d22402c95f71219da107e9634442a46831015,0x0000000000000068f116a894984e2db1123eb395,0x40ea55e0b8f02f8ebc9d91e082e202ed988647fa,native,MON,639950000000000000000,639.95,0_1,0,true,true,1,1,957,957,0x1,
NATIVE_INTERNAL,76544718,1779566263,0xe798afdcf84467478a05eae71e28a91bf9e6d8d88af615edd8c07869055ad8f1,0x0000000000000068f116a894984e2db1123eb395,0x40ea55e0b8f02f8ebc9d91e082e202ed988647fa,native,MON,710000000000000000000,710,0_1,0,true,true,1,1,383,383,0x1,
NATIVE_INTERNAL,76549995,1779568372,0xdd9c336bffeeb5c861ccad168773c41cbe41ceba5e5f18d925b19254cb824df1,0x0000000000000068f116a894984e2db1123eb395,0x40ea55e0b8f02f8ebc9d91e082e202ed988647fa,native,MON,710000000000000000000,710,0_1_1_1,0,true,true,1,1,853,853,0x1,
NATIVE_INTERNAL,76559721,1779572266,0xb3692954971f4c78b5399e8327fe4f6e0a9cfb96b9f4eb7f9dc2002a8865c72f,0x0000000000000068f116a894984e2db1123eb395,0x40ea55e0b8f02f8ebc9d91e082e202ed988647fa,native,MON,700000000000000000000,700,0_1,0,true,true,1,1,585,585,0x1,
NATIVE_INTERNAL,76560024,1779572387,0xe57fa2bcdcad307c001ee2efc717e14167c4fb903dbbf4ed6ec83a272cf4afda,0x0000000000000068f116a894984e2db1123eb395,0x40ea55e0b8f02f8ebc9d91e082e202ed988647fa,native,MON,749950000000000000000,749.95,0_1,0,true,true,1,1,387,387,0x1,
NATIVE_INTERNAL,76568114,1779575612,0xd0b0ef65c6d05a5b850ea7b81fe710a9072eb103c2184fa58755242cbb58427c,0x0000000000000068f116a894984e2db1123eb395,0x40ea55e0b8f02f8ebc9d91e082e202ed988647fa,native,MON,750000000000000000000,750,0_1,0,true,true,4,4,909;285;906;815,909;285;906;815,0x1,
NATIVE_INTERNAL,76630733,1779600622,0x383e5434d31dc0ac57b8e03cb5270416268de133d0ee44cb9b9b46779730d7ea,0x0000000000000068f116a894984e2db1123eb395,0x40ea55e0b8f02f8ebc9d91e082e202ed988647fa,native,MON,900000000000000000000,900,0_1_1_1,0,true,true,2,2,164;602,164;602,0x1,
WMON_ERC20,76762464,1779653204,0xb3b37932e577cf698db581cf45dca3f59fb690335018cabcc9c99863928a0172,0xcbb98f47d3e2eb6ae4aa1b3a51485a192e3ccef2,0x40ea55e0b8f02f8ebc9d91e082e202ed988647fa,0x3bd359c1119da7da1d913d1c4d2b7c461115433a,WMON,1402222000000000000000,1402.222,,0,true,true,2,2,306;744,306;744,0x1,
WMON_ERC20,76910444,1779712305,0x8479cd24b796bce7af63ab7ab587c32505df3d2ac709e5f5bcc817e6713c5399,0xd38d0345851dd9d83d67311bf084a37fb12609d5,0x40ea55e0b8f02f8ebc9d91e082e202ed988647fa,0x3bd359c1119da7da1d913d1c4d2b7c461115433a,WMON,652550000000000000000,652.55,,0,true,true,1,1,585,585,0x1,
WMON_ERC20,77106091,1779790437,0x05d6635a15e5be07b29ac223e01efc41bc35c50d69bac22d8c0d4342e5438fc7,0x42626cd748d67d5c2c27f3afaadc3bea28a7ea82,0x40ea55e0b8f02f8ebc9d91e082e202ed988647fa,0x3bd359c1119da7da1d913d1c4d2b7c461115433a,WMON,755000000000000000000,755,,0,true,true,1,1,1022,1022,0x1,
WMON_ERC20,77114932,1779793957,0xf8a9da7322857af680b5dd4f44138c1f26ac6a375bdb370a598c9a9460bc2d93,0x5935ba4be0d2abe85f5d8fbeb89325ef281f12fc,0x40ea55e0b8f02f8ebc9d91e082e202ed988647fa,0x3bd359c1119da7da1d913d1c4d2b7c461115433a,WMON,750000000000000000000,750,,0,true,true,1,1,857,857,0x1,
NATIVE_INTERNAL,77409981,1779912158,0xa1754283c1bf71ac69b5ef56090e58f6a3fa726657cfede5f3c7743804325f13,0x0000000000000068f116a894984e2db1123eb395,0x40ea55e0b8f02f8ebc9d91e082e202ed988647fa,native,MON,750000000000000000000,750,0_1,0,true,true,1,1,497,497,0x1,
NATIVE_INTERNAL,77429486,1779919954,0x7c09761a6c1e061b918cadec0e2dafbafae67ded61c073b91f4829ac5532bb6a,0x3bd359c1119da7da1d913d1c4d2b7c461115433a,0x40ea55e0b8f02f8ebc9d91e082e202ed988647fa,native,MON,3559772000000000000000,3559.772,0_1_1_1_1,0,false,false,0,0,,,0x1,
WMON_ERC20,77556317,1779970639,0xfb5db14dcd5247ff50081ce0bad92c1260e9d2747f21470ec12904102604fa03,0x557758ec7fd3c7e8c1a6b5b42f15ac6b82891f18,0x40ea55e0b8f02f8ebc9d91e082e202ed988647fa,0x3bd359c1119da7da1d913d1c4d2b7c461115433a,WMON,662450000000000000000,662.45,,0,true,true,1,1,212,212,0x1,
WMON_ERC20,77632517,1780001143,0x6fefec5d416e47a25bc847745390143bb045703545538d423b5be58648a9bce0,0xb8898bb87b07bac7ba9c2268e6d0640d5a208a7a,0x40ea55e0b8f02f8ebc9d91e082e202ed988647fa,0x3bd359c1119da7da1d913d1c4d2b7c461115433a,WMON,600200500000000000000,600.2005,,0,true,true,1,1,933,933,0x1,
WMON_ERC20,77650961,1780008510,0x8258d845a14f45f2baeb3c9314d12afbb87d40d06c21dd6ba1032e8125073eb9,0x11f33f8d3efdbf6fd552fb7c4dd56b82dabe8b14,0x40ea55e0b8f02f8ebc9d91e082e202ed988647fa,0x3bd359c1119da7da1d913d1c4d2b7c461115433a,WMON,600200000000000000000,600.2,,0,true,true,1,1,779,779,0x1,
NATIVE_INTERNAL,77680234,1780020216,0x40688581761f8ea77fc863336fb6c5a23bbff93da2c1b791e66a0313ecdc3df1,0x3bd359c1119da7da1d913d1c4d2b7c461115433a,0x40ea55e0b8f02f8ebc9d91e082e202ed988647fa,native,MON,1862850500000000000000,1862.8505,0_1_1_1_1,0,false,false,0,0,,,0x1,
WMON_ERC20,77761193,1780052637,0x36a88e143f35400a1013d0c351920714cc9d3b1ff226e94809f881196e8def76,0xb8898bb87b07bac7ba9c2268e6d0640d5a208a7a,0x40ea55e0b8f02f8ebc9d91e082e202ed988647fa,0x3bd359c1119da7da1d913d1c4d2b7c461115433a,WMON,567515500000000000000,567.5155,,0,true,true,1,1,295,295,0x1,
WMON_ERC20,77767806,1780055282,0x031018afcfce8b372a0276285f59e33d970ce1e855b855c1938a5812d30ed3cd,0x0c3ba44707314e6801413e7ab80c5122663cff7c,0x40ea55e0b8f02f8ebc9d91e082e202ed988647fa,0x3bd359c1119da7da1d913d1c4d2b7c461115433a,WMON,555600000000000000000,555.6,,0,true,true,1,1,677,677,0x1,
