paymentSource,blockNumber,timeStamp,hash,from,to,tokenSymbol,amountMON,hasNftTransfer,hasSecondaryNftTransfer,nftTransferCount,nftTokenIds,error
NATIVE_INTERNAL,67459162,1775929035,0x6975d2394d3867e547007ffe126abaf2f5bc2724f369d42ac5428580f974c618,0x200723a706de0013316e5cd8eba2b3f53dd90c29,0x40ea55e0b8f02f8ebc9d91e082e202ed988647fa,MON,273642.75,false,false,0,,
NATIVE_INTERNAL,67751363,1776045813,0x429fea49a886ccc0cc89e42d178df5b0d0f51e4d9e24d7fea952ab728d920e76,0x3bd359c1119da7da1d913d1c4d2b7c461115433a,0x40ea55e0b8f02f8ebc9d91e082e202ed988647fa,MON,4281.461,false,false,0,,
NATIVE_INTERNAL,67891533,1776101843,0x4a127510a5dc3963f8d658ffb0cc0f5a75e5363fb303ca628d418100558a726c,0x3bd359c1119da7da1d913d1c4d2b7c461115433a,0x40ea55e0b8f02f8ebc9d91e082e202ed988647fa,MON,296,false,false,0,,
NATIVE_DIRECT_TX,67967336,1776132146,0x5819f7ba8545eb203073453b1157474c14aac80de68ee5ac1d2c8c8dba51e4b9,0xdfc19dd5f80048df12d7a71cb01226f8ce24a954,0x40ea55e0b8f02f8ebc9d91e082e202ed988647fa,MON,1450,false,false,0,,
NATIVE_INTERNAL,67967377,1776132163,0xc0d614598143b9657ca51197fa1e5d79eef629a0ac813ab16385aae562a8b04a,0x18d5346216315667c51d69f346e3c768136f8018,0x40ea55e0b8f02f8ebc9d91e082e202ed988647fa,MON,1450,false,false,0,,
NATIVE_INTERNAL,67967412,1776132177,0x10f3c495063fe5eaaa1f3762b120fd4bf57f8d1e6693cd456aa9d07567091db5,0xf10ed040f182511ef2179adea749920881a4eef9,0x40ea55e0b8f02f8ebc9d91e082e202ed988647fa,MON,1450,false,false,0,,
NATIVE_INTERNAL,68406509,1776307715,0x80935165ac3ce6d4f9bb41ecd8573af130f65cca72aa159ce5dfc7852a7da807,0x3bd359c1119da7da1d913d1c4d2b7c461115433a,0x40ea55e0b8f02f8ebc9d91e082e202ed988647fa,MON,891.2185,false,false,0,,
NATIVE_INTERNAL,68590740,1776381360,0x778a9563931eae41dd1363e4ad5bf2b4fe6c790a6d8b94413aeff4d7bf11ce0b,0x3bd359c1119da7da1d913d1c4d2b7c461115433a,0x40ea55e0b8f02f8ebc9d91e082e202ed988647fa,MON,500,false,false,0,,
NATIVE_INTERNAL,68724115,1776434662,0xc97566db5d257c46af277048804c3b6ad40ff2e46ee147885b82a7ae70730e78,0x3bd359c1119da7da1d913d1c4d2b7c461115433a,0x40ea55e0b8f02f8ebc9d91e082e202ed988647fa,MON,266.704,false,false,0,,
NATIVE_INTERNAL,69237890,1776642747,0x69345447e0a66ac9a7a3f479988e317119be7fbd4782949beccb3752a6c1ba82,0x3bd359c1119da7da1d913d1c4d2b7c461115433a,0x40ea55e0b8f02f8ebc9d91e082e202ed988647fa,MON,362.75,false,false,0,,
NATIVE_INTERNAL,69818440,1776875012,0x8e74b53f717562f53393e1eec87e77e1782ef26513b7ccad785ae61b66cc9464,0x3bd359c1119da7da1d913d1c4d2b7c461115433a,0x40ea55e0b8f02f8ebc9d91e082e202ed988647fa,MON,2935.403,false,false,0,,
NATIVE_INTERNAL,70130038,1776999548,0x43d5286c683a6330b1ba82cbbe29220946e186775e946fd04e5da39d6b2fb64c,0x3bd359c1119da7da1d913d1c4d2b7c461115433a,0x40ea55e0b8f02f8ebc9d91e082e202ed988647fa,MON,367.5,false,false,0,,
NATIVE_INTERNAL,70328049,1777078652,0x09d7c901f8101b8d7b0d410cdbe931e8aef459061e133e6f149e0b95e747f85c,0x3bd359c1119da7da1d913d1c4d2b7c461115433a,0x40ea55e0b8f02f8ebc9d91e082e202ed988647fa,MON,350,false,false,0,,
NATIVE_INTERNAL,70885956,1777301603,0x4acabd362417f235f54e3370c8d893ab02872e5201875671d16646be6e4626ed,0x3bd359c1119da7da1d913d1c4d2b7c461115433a,0x40ea55e0b8f02f8ebc9d91e082e202ed988647fa,MON,695.0285,false,false,0,,
NATIVE_INTERNAL,71009016,1777350772,0xe38f4480516f7cd9a0cda5ede90694dc2b0577de3ed3f47b3141139e4f886ae2,0x3bd359c1119da7da1d913d1c4d2b7c461115433a,0x40ea55e0b8f02f8ebc9d91e082e202ed988647fa,MON,680.41,false,false,0,,
NATIVE_INTERNAL,71082976,1777380324,0xcf566f5276ab4be2513f2200541df904c58d584bde39d195c7f59a34818557b2,0x3bd359c1119da7da1d913d1c4d2b7c461115433a,0x40ea55e0b8f02f8ebc9d91e082e202ed988647fa,MON,367.5,false,false,0,,
NATIVE_INTERNAL,71153866,1777408657,0xc05d0aa1a870c541dabf3fe129f606a4791399fd66724bbb89930e0a019e38b4,0x3bd359c1119da7da1d913d1c4d2b7c461115433a,0x40ea55e0b8f02f8ebc9d91e082e202ed988647fa,MON,344.4,false,false,0,,
NATIVE_INTERNAL,71318479,1777474386,0xf554a3211f1e5972ac2aaf2327afd5de807b2e1fd5beb98fce98432940e565f1,0x3bd359c1119da7da1d913d1c4d2b7c461115433a,0x40ea55e0b8f02f8ebc9d91e082e202ed988647fa,MON,328,false,false,0,,
NATIVE_INTERNAL,71978768,1777738479,0xe19d4652e04b4c83c153fec88d81d3c2286f11679d5b167c19c21eb76de70a63,0x3bd359c1119da7da1d913d1c4d2b7c461115433a,0x40ea55e0b8f02f8ebc9d91e082e202ed988647fa,MON,355.051,false,false,0,,
NATIVE_INTERNAL,72255586,1777849366,0x6f5229d5c7fc5999136555790f182c734f4d343fe15659b366fc74042105b466,0x3bd359c1119da7da1d913d1c4d2b7c461115433a,0x40ea55e0b8f02f8ebc9d91e082e202ed988647fa,MON,660.001,false,false,0,,
NATIVE_INTERNAL,72265320,1777853292,0x70cfbe0c3f3d65a965719b2fd69c49edeb6cb943d865d1955313a1996115046f,0x3bd359c1119da7da1d913d1c4d2b7c461115433a,0x40ea55e0b8f02f8ebc9d91e082e202ed988647fa,MON,280.0545,false,false,0,,
NATIVE_INTERNAL,72602191,1777988037,0x82ac87ab3c2fd82f560755ecbaa45e06ccdfbcdbad73438d0b9bd3ebbeb2fa92,0x3bd359c1119da7da1d913d1c4d2b7c461115433a,0x40ea55e0b8f02f8ebc9d91e082e202ed988647fa,MON,455.053,false,false,0,,
NATIVE_INTERNAL,72708292,1778030436,0x56532e7b4c79cbe99a34d5fdcde31f4b9a2fba6d506ca495dd4996d637e40233,0x3bd359c1119da7da1d913d1c4d2b7c461115433a,0x40ea55e0b8f02f8ebc9d91e082e202ed988647fa,MON,257.901,false,false,0,,
NATIVE_INTERNAL,72829437,1778078950,0x85bb3df766d0b65bffee446a4c864877ef08a6b17b312fc4495f95c097514bc5,0xf10ed040f182511ef2179adea749920881a4eef9,0x40ea55e0b8f02f8ebc9d91e082e202ed988647fa,MON,10000,false,false,0,,
NATIVE_INTERNAL,73472774,1778335810,0xa274087ccbba2db8e4a9d7444a5966f63235eb05eef67ae5ae6dbbc186fbc5d2,0x3bd359c1119da7da1d913d1c4d2b7c461115433a,0x40ea55e0b8f02f8ebc9d91e082e202ed988647fa,MON,270.5,false,false,0,,
NATIVE_INTERNAL,73705180,1778429003,0x09195a34fab7bbd1c2e611f835ffc39e0eed82cb8dc5f832f9f3f797db1e7394,0x3bd359c1119da7da1d913d1c4d2b7c461115433a,0x40ea55e0b8f02f8ebc9d91e082e202ed988647fa,MON,215.0135,false,false,0,,
NATIVE_INTERNAL,74653400,1778808798,0x469076261a98ead132a51c238bb3dd1ac06d8d21ae173f247e9a7aac43c2a2cd,0x3bd359c1119da7da1d913d1c4d2b7c461115433a,0x40ea55e0b8f02f8ebc9d91e082e202ed988647fa,MON,245.755,false,false,0,,
NATIVE_INTERNAL,75463046,1779133324,0x1d272e7512bb953d0e39ffe9e74b67eabb4a4d0f62f316289d7d153ebc33b065,0x3bd359c1119da7da1d913d1c4d2b7c461115433a,0x40ea55e0b8f02f8ebc9d91e082e202ed988647fa,MON,799.155,false,false,0,,
NATIVE_INTERNAL,75623502,1779198065,0x5a9b6f73dec8042929af6e7bb74da45a401c5d9228990b53dccfd3358542f879,0x3bd359c1119da7da1d913d1c4d2b7c461115433a,0x40ea55e0b8f02f8ebc9d91e082e202ed988647fa,MON,200.001,false,false,0,,
NATIVE_INTERNAL,77429486,1779919954,0x7c09761a6c1e061b918cadec0e2dafbafae67ded61c073b91f4829ac5532bb6a,0x3bd359c1119da7da1d913d1c4d2b7c461115433a,0x40ea55e0b8f02f8ebc9d91e082e202ed988647fa,MON,3559.772,false,false,0,,
NATIVE_INTERNAL,77680234,1780020216,0x40688581761f8ea77fc863336fb6c5a23bbff93da2c1b791e66a0313ecdc3df1,0x3bd359c1119da7da1d913d1c4d2b7c461115433a,0x40ea55e0b8f02f8ebc9d91e082e202ed988647fa,MON,1862.8505,false,false,0,,
