blockNumber,timeStamp,hash,sources,wmonMON,nativeInternalMON,nativeDirectMON,totalMONEquivalent,rawWmon,rawNativeInternal,rawNativeDirect,rawTotal,nftSecondaryTransferCount,nftSecondaryTokenIds
67226192,1775835586,0x97528e693302391f7b4fa6a09f058db5ca4920ec0ceede15333c5d8e8ffbdce5,NATIVE_INTERNAL,0,150,0,150,0,150000000000000000000,0,150000000000000000000,1,341
67226461,1775835693,0x7eef6186ed02953b11393ab14e2566358dbed03c728010df05fd69e1a9d9f998,NATIVE_INTERNAL,0,180,0,180,0,180000000000000000000,0,180000000000000000000,1,210
67226646,1775835767,0xf0fa6cde648ea5c049bc06645d50a69335affe0f0b792987be1a095b1b5aa862,WMON_ERC20,135,0,0,135,135000000000000000000,0,0,135000000000000000000,1,200
67229047,1775836730,0x9b10fbe192bcfceba1bdc719bc39c3fa9a4933351e84a3f5d615e7368380c31f,WMON_ERC20,75.05,0,0,75.05,75050000000000000000,0,0,75050000000000000000,1,384
67229072,1775836740,0x46e261afcdaf1019805b7547005fb8453fc6e7e047a26c87ab962fe626a17471,NATIVE_INTERNAL,0,102.5,0,102.5,0,102500000000000000000,0,102500000000000000000,1,477
67231001,1775837524,0xd4251caeeccdca40edb7805e594e07a0811d953a996434dc3905648184ae1607,WMON_ERC20,80.1,0,0,80.1,80100000000000000000,0,0,80100000000000000000,1,459
67231459,1775837708,0xc35ac640beb85e61588fac3f3fd21fd7cb8d93da91be00929cc61331befa5ee3,WMON_ERC20,80,0,0,80,80000000000000000000,0,0,80000000000000000000,1,450
67232175,1775837993,0x9c083cfadc175b5b485cec400abd199d4a1b2abfbd2cc056b39ae2791a51d819,WMON_ERC20,80,0,0,80,80000000000000000000,0,0,80000000000000000000,1,549
67232617,1775838169,0xd4eaec050cf37445ba3113f8e0a8951269d9bf2192ae0e2db77cda6cc979e9af,NATIVE_INTERNAL,0,100,0,100,0,100000000000000000000,0,100000000000000000000,1,256
67232694,1775838201,0xf2bf71ee8d2a8b1e912c867b8cf3a635b71e07c0e7b4701b5a4b3b69bc3c98ec,WMON_ERC20,80.05,0,0,80.05,80050000000000000000,0,0,80050000000000000000,1,335
67233339,1775838460,0x9059f4c2ff450d3823b14807ac3d5f700605cd9c12b0d0bfa71296b30a5a210e,WMON_ERC20,75.15,0,0,75.15,75150000000000000000,0,0,75150000000000000000,1,315
67234517,1775838936,0xb585aad118d2855ca549423aaaf5f9b684f3f9674a04e8f13a24fd3888d7daef,NATIVE_INTERNAL,0,99.2,0,99.2,0,99200000000000000000,0,99200000000000000000,1,187
67234689,1775839005,0x4b4cca6a3b1e16b6494211ce8b8d85bc5aad2a846e4b2be0514ca5f26a05dcac,NATIVE_INTERNAL,0,100,0,100,0,100000000000000000000,0,100000000000000000000,1,257
67234763,1775839035,0x02bee9c20e756105558386d499ca866c46af338e1958b3161d811897f5d7ec45,NATIVE_INTERNAL,0,125,0,125,0,125000000000000000000,0,125000000000000000000,1,263
67234836,1775839064,0xc8497454e1fb17170c5662c908e6ba2df748fda54367f917704f4d63706c9da5,WMON_ERC20,80.05,0,0,80.05,80050000000000000000,0,0,80050000000000000000,1,579
67234848,1775839069,0x7186215fe80f540c7eeb6c510c1c6942771f198ada4d7ff7760ad92e723363be,NATIVE_INTERNAL,0,150,0,150,0,150000000000000000000,0,150000000000000000000,1,500
67235179,1775839203,0x9a01327f9b1a260cf0e523456cb3da2aedd332107bc660d0d467631eec810a9d,NATIVE_INTERNAL,0,130,0,130,0,130000000000000000000,0,130000000000000000000,1,314
67242505,1775842159,0x16a0c4afd8eef611d2b27ce6bf3728cb277774a66878be236e9afb9441cb4162,WMON_ERC20,82.6,0,0,82.6,82600000000000000000,0,0,82600000000000000000,1,629
67242510,1775842161,0xb0b35d4a8a944487a69ee30b3d29c6cf1e1f66dfbec3af343dd0c90041146415,NATIVE_INTERNAL,0,104.95,0,104.95,0,104950000000000000000,0,104950000000000000000,1,207
67243101,1775842402,0x4a0303c3dbc1af75edc0331324ba16e34eb28cde57bb032f8e5e469132592808,NATIVE_INTERNAL,0,97.45,0,97.45,0,97450000000000000000,0,97450000000000000000,1,645
67244000,1775842765,0x96fe2b882bf2259a8978bc1a91306af6d54b8d817abc0e6532d48cb5f90d80e5,NATIVE_INTERNAL,0,444.35,0,444.35,0,444350000000000000000,0,444350000000000000000,1,274
67246482,1775843768,0xc20dd10dafba9383e4678b88313c58da435dcd08dc6b78e88d1463f9e54b2acd,NATIVE_INTERNAL,0,100,0,100,0,100000000000000000000,0,100000000000000000000,1,658
67247074,1775844007,0x0f2d45eaeefd69a86a4577c4d5a28e33b1f31d249c48cbf6226e92f7e11e9bbc,WMON_ERC20,82.5,0,0,82.5,82500000000000000000,0,0,82500000000000000000,1,669
67250512,1775845390,0xed676b3e96fea9f936edeacb279f6938334fb31ed8386cf00cac0f51b74966e2,WMON_ERC20,75.2,0,0,75.2,75200000000000000000,0,0,75200000000000000000,1,661
67251793,1775845907,0x427340f5251574a06bd5d3c315b9fd55e65d55cd1c9c014530a6f24398433aa8,WMON_ERC20,75.2,0,0,75.2,75200000000000000000,0,0,75200000000000000000,1,580
67252247,1775846091,0x3cfe4c0242c55ceb56e100aafb8779f6c44c0a2c8390ffea73912272a78589f7,WMON_ERC20,75.05,0,0,75.05,75050000000000000000,0,0,75050000000000000000,1,581
67252736,1775846289,0x905182d50202647ba27751c445ae6f8b412545a2fd4dd18acbed3e32a22d240c,WMON_ERC20,75,0,0,75,75000000000000000000,0,0,75000000000000000000,1,693
67252816,1775846321,0x4b3b8805ad8dd2e883e6efbeaf4bb4947c13198d26f6a5cf5e4ebf3b08ca7457,WMON_ERC20,75,0,0,75,75000000000000000000,0,0,75000000000000000000,1,684
67252935,1775846366,0x937b6c657f311774f76933ef327ab8d14f25ead7cffe6fed9bc716c387d38aca,NATIVE_INTERNAL,0,89.8,0,89.8,0,89800000000000000000,0,89800000000000000000,1,665
67254304,1775846920,0x3a931a54f1efe598f4eccd7028792ec74209d9ff2d93844a932ee0b77399077f,WMON_ERC20,115,0,0,115,115000000000000000000,0,0,115000000000000000000,1,660
67256819,1775847936,0x80dd08ae7cbe53a38fa81616a33dd1c402d8f36760a5b7800bf169c9a7723f36,WMON_ERC20,80.55,0,0,80.55,80550000000000000000,0,0,80550000000000000000,1,701
67256934,1775847983,0x555d5872651de9f567c63dfc97e46fade4983f384bf32b00a3bafb607dbd6a5d,NATIVE_INTERNAL,0,94.9,0,94.9,0,94900000000000000000,0,94900000000000000000,1,561
67259838,1775849157,0x28082d39cc57df0e8ccc0d2030b42c85b8fa3657d535e5f0bae0fb33fd23a9ef,WMON_ERC20,85.01,0,0,85.01,85010000000000000000,0,0,85010000000000000000,1,370
67260724,1775849515,0xe2e3d76846c3ccc55c83a40c173fe0a54bf633269bc03ccc256b7e1ac63c4a34,NATIVE_INTERNAL,0,195,0,195,0,195000000000000000000,0,195000000000000000000,1,181
67264015,1775850845,0x3b41e1120b93aa6b55f6f3c857efe75c9197d29e6abf03b9f05ad7f890554ab0,NATIVE_INTERNAL,0,500,0,500,0,500000000000000000000,0,500000000000000000000,1,630
67266378,1775851798,0x228af2b47b2d0eb63f20398a2c5d43510ff22b8ba254aa96f8ab2d08e6ae5e6d,WMON_ERC20,80.05,0,0,80.05,80050000000000000000,0,0,80050000000000000000,1,712
67266615,1775851895,0x157700863a18256b5b3ac11a99230a9966241e40665527e1558dcb7d462c7380,NATIVE_INTERNAL,0,100,0,100,0,100000000000000000000,0,100000000000000000000,1,711
67268971,1775852842,0xf518da6d17fa1f24190f65da11fc925f51cdd963226aefb068ca0cf561ae8a8a,NATIVE_INTERNAL,0,130,0,130,0,130000000000000000000,0,130000000000000000000,1,452
67269422,1775853025,0xa69228c35a50d2e662a9b21229b35d0142a32936c913eab812c5225ded4fdb65,NATIVE_INTERNAL,0,99.95,0,99.95,0,99950000000000000000,0,99950000000000000000,4,559;615;520;695
67269475,1775853046,0xab719d79e59a100871a3dbac135e66daa1816d564393bf1ccd543d39fae29f76,NATIVE_INTERNAL,0,110,0,110,0,110000000000000000000,0,110000000000000000000,1,659
67272371,1775854215,0xdc35c8415a2951eb96f28bcbe7f66e3bfe6deb75c4a7bd48f3385dbc170deaf1,NATIVE_INTERNAL,0,107.5,0,107.5,0,107500000000000000000,0,107500000000000000000,1,490
67272610,1775854311,0x604a7c63bb71332cafccdc689b4bf1bdb1c0dd36fdefdcab8d5d36506e82f2e2,WMON_ERC20,111.1,0,0,111.1,111100000000000000000,0,0,111100000000000000000,1,663
67272744,1775854366,0x45d653f70ab1f06f987b63ea0d88c015536cbc71986ee2f288f4f6d7b7cdaeac,NATIVE_INTERNAL,0,110,0,110,0,110000000000000000000,0,110000000000000000000,1,430
67272805,1775854390,0x695b42054cfdbc2d0e47c3cbd4a47988f079f33b7fc49799c87be1a4053420ce,NATIVE_INTERNAL,0,115,0,115,0,115000000000000000000,0,115000000000000000000,1,510
67273841,1775854807,0x9a9e4d9414605dafc26b7cb799ddf0d0579bb7bd0e8842dd5596f865b3c77893,NATIVE_INTERNAL,0,135.05,0,135.05,0,135050000000000000000,0,135050000000000000000,1,571
67317120,1775872164,0xd7baadf2ce9099a5279d2798c21458cd090a8ad56ba5450eeb52900db936b948,NATIVE_INTERNAL,0,129.95,0,129.95,0,129950000000000000000,0,129950000000000000000,1,585
67319554,1775873142,0x15a0502a2c2c7062dfcc2c0903ee579adf6aae301c4f28c56c798d2792794f37,WMON_ERC20,125,0,0,125,125000000000000000000,0,0,125000000000000000000,1,753
67327180,1775876207,0x4b64c901f4a3cbf42769e27b24bc4036c2fb7a3e714b800206b1303b75c7e774,NATIVE_INTERNAL,0,150,0,150,0,150000000000000000000,0,150000000000000000000,1,455
67330029,1775877346,0xecd6f4fc1769042e39866cbe4c302b71bca449b034e1d912020fae1d9e6d5976,NATIVE_INTERNAL,0,150,0,150,0,150000000000000000000,0,150000000000000000000,1,308
67330099,1775877375,0xf0f30d248f3b968f298eb01dda7aeff128fb93010537cd8dbf97e7e6e00931ec,NATIVE_INTERNAL,0,150,0,150,0,150000000000000000000,0,150000000000000000000,1,414
67331495,1775877932,0xa5fd367a10d8ed37a85fb03b8a8a6be21dfd804849c691ae33c08b92ae1bf8e0,NATIVE_INTERNAL,0,175,0,175,0,175000000000000000000,0,175000000000000000000,1,608
67332261,1775878238,0xa9e0fca00dd07b234bc1607f37aafdb8f35c9843987874872a79d8332e8ffd4f,NATIVE_INTERNAL,0,175,0,175,0,175000000000000000000,0,175000000000000000000,1,171
67339694,1775881206,0x2ccb505f35d83002ff97e2c216abc434a9f0a3dbeb7520a53ff53ea19267eed9,NATIVE_INTERNAL,0,220,0,220,0,220000000000000000000,0,220000000000000000000,1,433
67366205,1775891808,0x1eadda7620c42a0e556cb1f4763285d80077b4b876d01f0c9b687732aaf9abc8,NATIVE_INTERNAL,0,166.65,0,166.65,0,166650000000000000000,0,166650000000000000000,1,429
67373374,1775894711,0x626eb2916664912cd0d93b2aea3d2791779328fb210235c9aa94d287368df9c9,NATIVE_INTERNAL,0,172.5,0,172.5,0,172500000000000000000,0,172500000000000000000,1,573
67374496,1775895164,0xfaa9eb29a337c94792ca8199f54a888cbb17472df9b0c6746e5b1aee7c9bafd6,WMON_ERC20,166.65,0,0,166.65,166650000000000000000,0,0,166650000000000000000,1,770
67374990,1775895364,0x6965dc7908ae27c503af38b644c4954684c9b3e2086ae2323e3970f472c7ad49,WMON_ERC20,130.15,0,0,130.15,130150000000000000000,0,0,130150000000000000000,1,773
67375221,1775895457,0x1eb309d1befa6b707bda72da8004062e6a547bd2916a13717b38ad64119a94b1,WMON_ERC20,130.1,0,0,130.1,130100000000000000000,0,0,130100000000000000000,1,772
67376029,1775895785,0xdb4ab1735778f2958bc1a4d2adfa6d989aef073f917b37940a92bc1a25740cbb,WMON_ERC20,130.0005,0,0,130.0005,130000500000000000000,0,0,130000500000000000000,1,771
67390267,1775901514,0xa919542efcb08739cf695903cfbfa26c0c27f823a0ab5472fc23791085a2a290,NATIVE_INTERNAL,0,144.4,0,144.4,0,144400000000000000000,0,144400000000000000000,1,313
67403961,1775906985,0x24726b2f942db4a9964c90c942dd50380f7b8f5cb17189414319489e2e2417e4,WMON_ERC20,113,0,0,113,113000000000000000000,0,0,113000000000000000000,1,784
67404385,1775907154,0x136f3c0a1831a95e937e2598ef1490579448db8ca82223c8f1bd8c97a40a56cc,NATIVE_INTERNAL,0,388.85,0,388.85,0,388850000000000000000,0,388850000000000000000,1,694
67409799,1775909317,0x9c70e21d1d7a969d3770b4b855ffbc2e81d046b0ff124a1f817286fe6d4032e4,WMON_ERC20,115.05,0,0,115.05,115050000000000000000,0,0,115050000000000000000,1,777
67411763,1775910102,0x2859d2adece4f931edd3ea3f7c3493c273715e7ae71678bff3841bbf6a133176,WMON_ERC20,115.05,0,0,115.05,115050000000000000000,0,0,115050000000000000000,1,789
67426321,1775915906,0xd5f0b65b479d6115cc003ca794553f5ae1b894e33098cb99c36c11d6735062aa,WMON_ERC20,112.5,0,0,112.5,112500000000000000000,0,0,112500000000000000000,1,574
67440681,1775921638,0x04a25e6018f929242eeaa2b094e8047b73eca2bd7ae5176409f5bb7e5cc051fb,WMON_ERC20,87.65,0,0,87.65,87650000000000000000,0,0,87650000000000000000,1,853
67440940,1775921741,0x115abec16c733241aad498a2df3689ab94b88b2a09c132cf7813935fcca6592b,WMON_ERC20,86.25,0,0,86.25,86250000000000000000,0,0,86250000000000000000,1,854
67441092,1775921802,0x94fc2886de567399d45bf1a06471dc0f49156623cf6a23df2b51eecb5bd9dc0d,WMON_ERC20,85.5,0,0,85.5,85500000000000000000,0,0,85500000000000000000,1,921
67441255,1775921867,0x7f4e1c06c9dfe5efa36607eecf87c9184270e16b85a24cfa9e799221ffd78a4a,WMON_ERC20,75.05,0,0,75.05,75050000000000000000,0,0,75050000000000000000,1,917
67442099,1775922205,0x325e6a6df8a5c83785d2dae2c509fec714c822c11c59ed2d8042a9c1e8cf53a7,NATIVE_INTERNAL,0,247.25,0,247.25,0,247250000000000000000,0,247250000000000000000,5,889;948;932;926;879
67442430,1775922337,0x7ca241b82c867bcca9247581d4d42475cce77b0c6b939885daa7b50473c8da10,NATIVE_INTERNAL,0,92.5,0,92.5,0,92500000000000000000,0,92500000000000000000,1,922
67442538,1775922380,0xedc77de21d8544d99b2a842ea0ab2605a75197d819b14ed2eac75cfff92247c3,WMON_ERC20,75.15,0,0,75.15,75150000000000000000,0,0,75150000000000000000,1,999
67443072,1775922594,0x88a53311f7a8e6836b34e3e588d9236a39b97d059cf4bc4899516066599b1a60,NATIVE_INTERNAL,0,120,0,120,0,120000000000000000000,0,120000000000000000000,1,572
67444395,1775923123,0x5c09132962ddef913f8cf250431f4ae0f65f8ca1b58a2e60eb447d099076c97a,WMON_ERC20,105,0,0,105,105000000000000000000,0,0,105000000000000000000,1,1010
67444579,1775923197,0x5e6a0bd3aa507340130b50785a75349e2c70bdb64704f9e8c16696a5e5203556,WMON_ERC20,105,0,0,105,105000000000000000000,0,0,105000000000000000000,1,798
67444941,1775923342,0x8fff8abb3a9fadbc7cbc8a345b8927f67a9ad7b81414dd2b91ca34f3a538c8f2,WMON_ERC20,105,0,0,105,105000000000000000000,0,0,105000000000000000000,1,945
67448475,1775924759,0x38b6d7d3cf62997388827c7dafd595f856691fcc1df53828f575c82d2a6a7835,NATIVE_INTERNAL,0,114.25,0,114.25,0,114250000000000000000,0,114250000000000000000,1,1012
67449713,1775925255,0x416e9500899345c47c36f55b6cf97a17f9ee826844ebe73543cb3ef3b04e21f3,WMON_ERC20,110,0,0,110,110000000000000000000,0,0,110000000000000000000,1,645
67449758,1775925273,0x96b2f08784b91990e634c11a9fe5f92e10c811dc5469362e954396eb062dcaa4,NATIVE_INTERNAL,0,120,0,120,0,120000000000000000000,0,120000000000000000000,1,396
67450275,1775925481,0x79d230e3a09188b57fae91e72d35ba592d0c44bc355b047445eb423be374e1e3,NATIVE_INTERNAL,0,149.9,0,149.9,0,149900000000000000000,0,149900000000000000000,1,989
67452930,1775926544,0xa9cc67439774b675d7ceab0cf778f7bafd236bce7b221ceecb76c85c0ff9ae07,NATIVE_INTERNAL,0,122.2,0,122.2,0,122200000000000000000,0,122200000000000000000,1,830
67453059,1775926595,0x1640da715706d2e9a54a266940dc3977403a8515cb9deb9ad329a13f1902e9dd,NATIVE_INTERNAL,0,122.15,0,122.15,0,122150000000000000000,0,122150000000000000000,1,1026
67453883,1775926924,0x43290c87a2969658ba427ed9e1c7939f918a132a78a533da013fad89afa5973d,WMON_ERC20,205.05,0,0,205.05,205050000000000000000,0,0,205050000000000000000,2,921;935
67453897,1775926930,0xcbfdda35e7805006cc6391b37c85f7ae4ec5f37394ef808737f57c2a98d31596,NATIVE_INTERNAL,0,95,0,95,0,95000000000000000000,0,95000000000000000000,1,1029
67460559,1775929593,0x4e048358ff2c4884655fc97f42ae9fb1b7ae82d3192aca4c74cd83dc00690a32,NATIVE_INTERNAL,0,110,0,110,0,110000000000000000000,0,110000000000000000000,1,1032
67463992,1775930963,0x3879eff3bb95a96cbaf92cb64e3fe427c0cdfad470ed1df77a2e6be581c47a4f,NATIVE_INTERNAL,0,84.95,0,84.95,0,84950000000000000000,0,84950000000000000000,1,1031
67464265,1775931072,0xccf063217fd5e741e0c4d3cb6acdc8add0c43f0266883a856af86bcf66cec3e5,NATIVE_INTERNAL,0,87.5,0,87.5,0,87500000000000000000,0,87500000000000000000,1,1027
67466724,1775932056,0x7f7244f6d91cc176523b619b074c9e0ba8f520efaa2069f59267b02f56943225,NATIVE_INTERNAL,0,95,0,95,0,95000000000000000000,0,95000000000000000000,1,486
67472626,1775934419,0x4c30fb9a7cc2a094b5b0143e0a1e96ed45a6ab41dc235c11f3f833de376ce929,NATIVE_INTERNAL,0,125,0,125,0,125000000000000000000,0,125000000000000000000,1,994
67474194,1775935046,0x3299b668be793362dabc4dc2d1407b9159807fd42a0795fd740f85b778328602,NATIVE_INTERNAL,0,107,0,107,0,107000000000000000000,0,107000000000000000000,1,852
67481131,1775937816,0xe06d1ec560b83032672cec5c85d57e1d50ab3964115fd66c673fc949c209725b,WMON_ERC20,90,0,0,90,90000000000000000000,0,0,90000000000000000000,1,723
67483747,1775938864,0x95f683a00baac972662d050fee8a536c4588d01b5c690acc1816fa45c629fae4,NATIVE_INTERNAL,0,373.65,0,373.65,0,373650000000000000000,0,373650000000000000000,4,943;174;862;905
67485167,1775939431,0x7d523561a2882d632e7eb4945827f4fea3783c857c567669b4b25e8d9f38db07,NATIVE_INTERNAL,0,150,0,150,0,150000000000000000000,0,150000000000000000000,1,774
67506168,1775947821,0x22241eb470910d0813b0c983a50a3bb498be75f1680544edbb6ae697dfc6954a,NATIVE_INTERNAL,0,175,0,175,0,175000000000000000000,0,175000000000000000000,1,299
67506425,1775947923,0x5abed49e9e18331c66c1bfeacf11f2591534750741365f7c63039a7e986d4e49,NATIVE_INTERNAL,0,325,0,325,0,325000000000000000000,0,325000000000000000000,1,955
67510111,1775949396,0x6927144a0071292d728d458a8b8b60a81afabc0dc4e1f301e206a339766e5ab8,NATIVE_INTERNAL,0,179.95,0,179.95,0,179950000000000000000,0,179950000000000000000,1,247
67512379,1775950303,0x69d3c84d47d673911b80f93e44c1f2b3cfde181a106ea6c9b3be504ac107a3e7,NATIVE_INTERNAL,0,177.3,0,177.3,0,177300000000000000000,0,177300000000000000000,1,912
67512991,1775950547,0x8a1716a399779c66cc2331cc5bf7e454c2aa7e590bc25310fe39294c83de2859,NATIVE_INTERNAL,0,200,0,200,0,200000000000000000000,0,200000000000000000000,1,778
67517976,1775952535,0xaecae4eab5a5587ff234eecf18d247d9cf24ad45ecce5669668ded1fbd0e4708,NATIVE_INTERNAL,0,350,0,350,0,350000000000000000000,0,350000000000000000000,1,882
67522041,1775954159,0xcf3771695020c8173436f7db9c01ba4dc2ba900fc0270ac0c237a51a78028ee7,NATIVE_INTERNAL,0,750,0,750,0,750000000000000000000,0,750000000000000000000,1,806
67578887,1775976885,0x80593d7ec59725b8e07ae270258aab315c5fb12a44f45877f3ad98d8c70175aa,WMON_ERC20,166.65,0,0,166.65,166650000000000000000,0,0,166650000000000000000,1,709
67583758,1775978833,0xca234e233f48d6bf12f1db13ea23b4a10cb5743825ddfbcc4b9775621d2dec95,WMON_ERC20,150.0005,0,0,150.0005,150000500000000000000,0,0,150000500000000000000,1,776
67599185,1775985000,0x519006ea723d9a10d53dcc611a057eaf1b26a1681e7755957af2a3e35127dbb9,NATIVE_INTERNAL,0,160,0,160,0,160000000000000000000,0,160000000000000000000,1,893
67659019,1776008915,0x10ac8d25586b75473d17d30892d882f862747eb97ce0b01787a50ff3013803a8,NATIVE_INTERNAL,0,660.7985,0,660.7985,0,660798500000000000000,0,660798500000000000000,10,649;382;792;791;860;1028;213;597;914;834
67726360,1776035824,0x7a8d346381c55f05c1d8564705be281e2f83d3b9ae93d49778dcce891c9f17ed,NATIVE_INTERNAL,0,160,0,160,0,160000000000000000000,0,160000000000000000000,1,919
67733604,1776038716,0xbb38cb635e910995661b7c09e5c1a1ba9476360b912aef5e846cda836b3c0cdd,NATIVE_INTERNAL,0,213.3,0,213.3,0,213300000000000000000,0,213300000000000000000,1,669
67739095,1776040912,0xa029319afcffce1ac0bed872f8ec3a27dca2f46e6cc3869cbb4459ebc2650a54,NATIVE_INTERNAL,0,154,0,154,0,154000000000000000000,0,154000000000000000000,1,888
67823246,1776074561,0xb61ec3d8ff9a6d4f64fe5d4d358608da0a9f9e2614cbc1f4187433a95b85a22e,NATIVE_INTERNAL,0,323.75,0,323.75,0,323750000000000000000,0,323750000000000000000,7,576;392;743;744;515;271;1012
67855285,1776087362,0x669f19f20e3a182be097fca16c7f32597a50d179bccd68c7136bb76261c4484c,WMON_ERC20,150,0,0,150,150000000000000000000,0,0,150000000000000000000,1,1008
67859329,1776088976,0xfc3a9c99445c72f68a9d3fb9526a5e1346a6fc93540b6ddd94cbbbcb3d60a28f,NATIVE_INTERNAL,0,199.95,0,199.95,0,199950000000000000000,0,199950000000000000000,1,875
67861548,1776089863,0x27d3ef784536784308b8f96721217ff188b3e7446e6b7ab71a18edfd0b24f7e3,NATIVE_INTERNAL,0,521.65,0,521.65,0,521650000000000000000,0,521650000000000000000,5,359;347;917;938;171
67873209,1776094520,0xf3bf43d0738450c5286081ee874a93a1ae1aa238422b87ac862eb1bde442beea,NATIVE_INTERNAL,0,277.75,0,277.75,0,277750000000000000000,0,277750000000000000000,1,867
67881882,1776097988,0xa51b3eb94e53b8dff386b199f21c9c6ad9a83a54dbee230fae2882fed7cdb87c,WMON_ERC20,146,0,0,146,146000000000000000000,0,0,146000000000000000000,1,385
67884902,1776099195,0x0dbf006c2bfde921678a824e7a815cbd9d52d284c1a3897b26f3bd5dd0960283,NATIVE_INTERNAL,0,605,0,605,0,605000000000000000000,0,605000000000000000000,1,446
67901309,1776105755,0x44e7e4e0b4ce9b715baaae8a6622ee1f50a4f39a75caff7f30b9fb3e2aca1fe9,NATIVE_INTERNAL,0,174.95,0,174.95,0,174950000000000000000,0,174950000000000000000,1,692
67901643,1776105888,0xabe81a9c6817de8792eb5e641ec5dad576f5134e1889a552087dc9575fb2a063,NATIVE_INTERNAL,0,200,0,200,0,200000000000000000000,0,200000000000000000000,1,383
67904566,1776107058,0xe808cf0c77c3d9c6bbb76007482335e258ccab8abb3dd697675d2dc9e967f804,NATIVE_INTERNAL,0,184.95,0,184.95,0,184950000000000000000,0,184950000000000000000,1,279
67907481,1776108224,0x2ff0a12c8d4521bfa5d011b55d3628616f3b05213c57524c31ac746c6c40663c,NATIVE_INTERNAL,0,187.5,0,187.5,0,187500000000000000000,0,187500000000000000000,1,430
67917713,1776112317,0xf4108038b5a0f4862c0b1f94a72c6a480ee00072334b6ff543c8d1be97306cc5,NATIVE_INTERNAL,0,200,0,200,0,200000000000000000000,0,200000000000000000000,1,495
67972412,1776134173,0x3f9afc0da4801ea58995c8090cdc2b2e4b8533659a068148d5716ab41c58aba3,NATIVE_INTERNAL,0,234.95,0,234.95,0,234950000000000000000,0,234950000000000000000,1,902
67980320,1776137332,0x4abc6053a4f98f117d9ca0c83c998090ee8b966efb51fdf4a517f85672e4cfa7,NATIVE_INTERNAL,0,619.95,0,619.95,0,619950000000000000000,0,619950000000000000000,8,200;939;460;983;708;562;209;331
67981057,1776137627,0x83dfe033fc811f7eda1e8040c15271478de55f8038d458117203513b0956c8b9,NATIVE_INTERNAL,0,670,0,670,0,670000000000000000000,0,670000000000000000000,10,170;217;811;665;434;641;993;911;980;387
67981799,1776137923,0x4762adcb18b45d87f8611c7b75ab4e9850cd0aa5dd48c61b27e6e4724f151557,NATIVE_INTERNAL,0,249.5,0,249.5,0,249500000000000000000,0,249500000000000000000,1,1023
67982165,1776138070,0xb67ca5ec34a5a63b96e177c3c4102b49e8d2f59a0e62e84f70e9394bde80623c,NATIVE_INTERNAL,0,500,0,500,0,500000000000000000000,0,500000000000000000000,7,1009;1030;618;818;934;442;518
67983074,1776138433,0x7a9041a31efa9e252a257fae7637015d43d3f5c5bf0bd0709aa99a2c9c061617,NATIVE_INTERNAL,0,250,0,250,0,250000000000000000000,0,250000000000000000000,3,1003;724;912
67990959,1776141585,0x45831a131aabf853ca383d3f65d8a35dc51baf35ac802618f01f630473699101,NATIVE_INTERNAL,0,400,0,400,0,400000000000000000000,0,400000000000000000000,1,669
68031195,1776157674,0x703425f22fd938ec5478ad301f21b5d9a520cc455ce112135116214293983add,NATIVE_INTERNAL,0,375,0,375,0,375000000000000000000,0,375000000000000000000,1,413
68073159,1776174441,0x1c74fcdd0e583f6e3d58fa9b9089d29fef3d4e09b2433ee15946e3e2532fa9e5,NATIVE_INTERNAL,0,333.3,0,333.3,0,333300000000000000000,0,333300000000000000000,1,666
68077249,1776176077,0xc547bece2d6139e2b105d341c39ef9857c436a78486208c887f5438e1dd0152b,NATIVE_INTERNAL,0,275,0,275,0,275000000000000000000,0,275000000000000000000,1,817
68147940,1776204321,0xd9a8549a9bef68f2f76f6c17fbdb80eaf9a4d65ab3d430e60799ea0001f1bfa9,NATIVE_INTERNAL,0,1250,0,1250,0,1250000000000000000000,0,1250000000000000000000,1,929
68216928,1776231891,0x5564233f30fcb54040a4f4dff28fdbc54221399aa812980e30bb27d787d1614a,NATIVE_INTERNAL,0,289.9935,0,289.9935,0,289993500000000000000,0,289993500000000000000,1,318
68234287,1776238829,0xd78e223e38e811aee008c721c43e8ff72f32603c6d69388a715621220aebf277,NATIVE_INTERNAL,0,254,0,254,0,254000000000000000000,0,254000000000000000000,1,813
68319771,1776273032,0x446937808a3fc696297720f1b811bc6425245e1111b72ccdbcbd9f6ab594299e,WMON_ERC20,230.11,0,0,230.11,230110000000000000000,0,0,230110000000000000000,1,188
68319828,1776273055,0x8720673149c21d9e2bf3fd035d73dc07714af410e2bb4ffd9ab66919e022d963,WMON_ERC20,230.1085,0,0,230.1085,230108500000000000000,0,0,230108500000000000000,1,973
68406145,1776307569,0x9d8723888f3e9c56b8cf7d9a370392014a7cbb2dcd58494fccfc80e61c7e1e53,WMON_ERC20,431,0,0,431,431000000000000000000,0,0,431000000000000000000,2,782;783
68416413,1776311673,0x96743308923c69ee27dc3cfbf6293e7f841a248cb640cc091306879aeab33c41,NATIVE_INTERNAL,0,516.2785,0,516.2785,0,516278500000000000000,0,516278500000000000000,10,186;973;978;425;999;935;543;406;198;847
68550416,1776365236,0x751beb9cea5957e05caa7b7cfb00c54f69732e095e6aa890c9b64b4fa4f58d9a,WMON_ERC20,500,0,0,500,500000000000000000000,0,0,500000000000000000000,1,660
68560567,1776369294,0xc241babfc17396b861c0db3624db5b4283f01c91ba7a399e3076a3b2329110e8,NATIVE_INTERNAL,0,249.949,0,249.949,0,249949000000000000000,0,249949000000000000000,1,188
68596711,1776383749,0xfdb765d5da8ad355379f9432b5a305a8cbf8b4e9e3233623ae0f0358a04e54c9,NATIVE_INTERNAL,0,284.95,0,284.95,0,284950000000000000000,0,284950000000000000000,1,592
68632304,1776397977,0xe9aba3d1b486bc59a55971034b15aaf87f2e39f0dde949e873242977ad8dc81c,NATIVE_INTERNAL,0,274.6965,0,274.6965,0,274696500000000000000,0,274696500000000000000,2,243;407
68638540,1776400468,0xced5689a1d093b051fa0577e596707b7eb0998cae16779c637d049b26711f357,NATIVE_INTERNAL,0,293.45,0,293.45,0,293450000000000000000,0,293450000000000000000,1,614
68704621,1776426864,0xf4381998b41f42d183ace0e8212d1c8b69b76ed71bff6ff26f753fa4bc5584d1,WMON_ERC20,266.704,0,0,266.704,266704000000000000000,0,0,266704000000000000000,1,871
68704736,1776426910,0x817c631357c44a7ca0bcf5b41898cee76d344039e964bc86065bc3e9f55b09f0,NATIVE_INTERNAL,0,293.998,0,293.998,0,293998000000000000000,0,293998000000000000000,1,871
68721993,1776433812,0xc37f44e5354eb64ad5ae9de24c3e094425f5e9bc3feab055477f9e0438c2ae03,NATIVE_INTERNAL,0,427.75,0,427.75,0,427750000000000000000,0,427750000000000000000,1,278
68758589,1776448453,0xbbeea28ecb4f988c08db1fbd1012c0807bf9365e930474e67fb2c4355da15626,NATIVE_INTERNAL,0,293.998,0,293.998,0,293998000000000000000,0,293998000000000000000,1,1005
68770780,1776453331,0xccdf39b1e2449adbb8326f5a88017af80e6ef443421747f6bbd2a46cd9d63eee,NATIVE_INTERNAL,0,293.999,0,293.999,0,293999000000000000000,0,293999000000000000000,4,377;392;631;932
68807650,1776468220,0x183caa8e21acdd20b26b663c744848c763db43e3d79742ffb111acd80794002e,NATIVE_INTERNAL,0,314.8465,0,314.8465,0,314846500000000000000,0,314846500000000000000,1,877
68867407,1776492534,0x87ada5157b2267645779a9b9d8a488461b384320d6ca3d49d36b0c3bcb086ce4,NATIVE_INTERNAL,0,250,0,250,0,250000000000000000000,0,250000000000000000000,1,456
68895057,1776503794,0x7c2287472ee68f3f4d3c48b5d21f0ca8c9cdeea69fb711ab8d9857addf95fc1c,NATIVE_INTERNAL,0,315,0,315,0,315000000000000000000,0,315000000000000000000,2,744;306
68919780,1776513804,0x72d6c818a72e20396ff6e38a8196793780d3258fb1055505c3a404ea24b8a8b6,NATIVE_INTERNAL,0,1600,0,1600,0,1600000000000000000000,0,1600000000000000000000,1,605
68949642,1776525905,0x3f11c4d8a4184babbbc814c340316c8a11ee98e215ce81b8d2abd6a31fd016b3,NATIVE_INTERNAL,0,344.4,0,344.4,0,344400000000000000000,0,344400000000000000000,1,583
68953426,1776527435,0x2420b102405a9f4764dba337c572b1750d1ff4d066f677a241e4d1a2e87a1192,NATIVE_INTERNAL,0,348.4,0,348.4,0,348400000000000000000,0,348400000000000000000,1,1012
68953824,1776527598,0x730751cd577c4aac6a58e618bb1aede07f45bcc340455edafee4a2fab9507df2,NATIVE_INTERNAL,0,425,0,425,0,425000000000000000000,0,425000000000000000000,1,581
68955064,1776528104,0xa2a5ea1fb6498ac9fedc86fc7b902f3bd040144373322e38e6a3a7677bdd6a02,NATIVE_INTERNAL,0,444.4,0,444.4,0,444400000000000000000,0,444400000000000000000,1,654
68974323,1776535911,0x4d009a8702e22c65cfb441a539c2f30e3d1a8e02f8c33189b30f62fc06f5efc7,NATIVE_INTERNAL,0,2216.65,0,2216.65,0,2216650000000000000000,0,2216650000000000000000,1,244
69001569,1776546945,0x2070d0cc91f53e0caaa24f157349a6343e1e13ea83daaf137281afbd625d5fb8,NATIVE_INTERNAL,0,500,0,500,0,500000000000000000000,0,500000000000000000000,1,619
69083522,1776580159,0x352335e3a81da39957b51666cc565716a4c8d9c1a2f2c95685d0a477de81e48b,NATIVE_INTERNAL,0,530,0,530,0,530000000000000000000,0,530000000000000000000,1,427
69085610,1776581007,0x59fbc4cf411e5c28d8343725357d6ec2ca1122e0c33ae971d867f495f9f1e167,WMON_ERC20,362.75,0,0,362.75,362750000000000000000,0,0,362750000000000000000,1,264
69104656,1776588724,0x9e03c4a6e10c0b69bd745f036d16c6f1fedffb0a5115bb48f889bf9d85419fdb,NATIVE_INTERNAL,0,725,0,725,0,725000000000000000000,0,725000000000000000000,1,508
69155284,1776609249,0x3ba42a65b6f5295d761aa0398126c3021e4ce43135f77ffce5719f91b1e0fe9d,NATIVE_INTERNAL,0,499.85,0,499.85,0,499850000000000000000,0,499850000000000000000,1,794
69169184,1776614885,0x5b6cfa6c447caed298e4322a12f572ab76f59d2da07eef8fc6b1f8f6e2935f63,NATIVE_INTERNAL,0,499.95,0,499.95,0,499950000000000000000,0,499950000000000000000,1,917
69173761,1776616748,0x803498898148390e76cb78948ecb65b7231a8a457fa28fc00763ca11cf280b37,NATIVE_INTERNAL,0,499.95,0,499.95,0,499950000000000000000,0,499950000000000000000,5,385;262;757;686;876
69181055,1776619712,0x94bcb74fe1da0b4b2793a13c5458623b42aab4632ace00c7901becab04850ea5,NATIVE_INTERNAL,0,750,0,750,0,750000000000000000000,0,750000000000000000000,1,778
69187088,1776622161,0xb565cc878fc40c4e7f651231ecb05b4b8426e0639ef0e76aff7313a77df8c858,NATIVE_INTERNAL,0,725,0,725,0,725000000000000000000,0,725000000000000000000,1,283
69207423,1776630386,0x0cd70f4a76d89719281dcdc75588a655d5c92d2c2ab047e8ff75aaad081c6574,NATIVE_INTERNAL,0,1650,0,1650,0,1650000000000000000000,0,1650000000000000000000,1,694
69225179,1776637595,0xca29f7e1d73464667a2dbe038c9f532c6413147ac1446519e387bd2b706a9136,NATIVE_INTERNAL,0,700,0,700,0,700000000000000000000,0,700000000000000000000,1,259
69509866,1776751671,0xf40032f59a5b0df1f6017b0efcdf0be711106592dc400577fecb1902dc72d60d,WMON_ERC20,465.001,0,0,465.001,465001000000000000000,0,0,465001000000000000000,1,810
69586370,1776782236,0x9d88468b93a2a467a2daa902c8df82d1dfd46a0a22963b6b0a0b16a848e4dc33,NATIVE_INTERNAL,0,600,0,600,0,600000000000000000000,0,600000000000000000000,1,930
69713267,1776832987,0x51cb33dada1741d9dc60f387c0a0d5ad2fcbba9ff48d95fdc04079b943d5feef,WMON_ERC20,2470.402,0,0,2470.402,2470402000000000000000,0,0,2470402000000000000000,6,779;585;781;775;295;487
70013687,1776953054,0x5013843be014ef470dd87b59e895ffecf5da378867ca051e887c6efea2de1650,NATIVE_INTERNAL,0,434.499,0,434.499,0,434499000000000000000,0,434499000000000000000,1,315
70068538,1776974971,0xe3fd8b44208b9d280a5a4e29e8e05db1694d0f76d1b310bcf827c38ce738851a,WMON_ERC20,367.5,0,0,367.5,367500000000000000000,0,0,367500000000000000000,1,756
70109491,1776991340,0x4915635b0c6b72d2f230a0063ade7638caef3ffceeef25b7f63378e50f9c873d,NATIVE_INTERNAL,0,429.899,0,429.899,0,429899000000000000000,0,429899000000000000000,1,459
70274601,1777057293,0x1ac43835d61d6b99014f62cea523469d89a3394eb95386f6a5f1a4569acd28b1,WMON_ERC20,350,0,0,350,350000000000000000000,0,0,350000000000000000000,1,851
70447356,1777126342,0x495a87853f1ded558feefb151a35cc1f6456a0f419686c57c4f6e76b04d0fdad,NATIVE_INTERNAL,0,349.999,0,349.999,0,349999000000000000000,0,349999000000000000000,1,249
70507983,1777150566,0x1fee32020269c90aa15e3e2eddb8a67ced586d59060a1489c1e4855bd59dbb60,WMON_ERC20,360.001,0,0,360.001,360001000000000000000,0,0,360001000000000000000,1,305
70548310,1777166698,0x39e362a786ded8151c559492a16c7ce2f724c188a019b5e264505cd2d3e2efa6,WMON_ERC20,335.0275,0,0,335.0275,335027500000000000000,0,0,335027500000000000000,1,971
70596094,1777185795,0xe7fd4fb35e884cd0c75731c782ca53466ba5e0fbb6e140a0ea476e1423038f24,NATIVE_INTERNAL,0,364.999,0,364.999,0,364999000000000000000,0,364999000000000000000,1,305
70789503,1777263059,0x7f09b704053e569aba862c8372f32aea372a2006ebec64ee4d900221d3f9f094,NATIVE_INTERNAL,0,374.999,0,374.999,0,374999000000000000000,0,374999000000000000000,1,971
70976296,1777337704,0xc6927d854de6032e335ca56c21a9d2f3c6ee1fc1fe93ea5cdef12125df626d90,WMON_ERC20,340.01,0,0,340.01,340010000000000000000,0,0,340010000000000000000,1,772
70994560,1777345002,0x765123dd886eb1ad03b47c6478f88836e32b17e97d1c562f42dc759f8d64b33b,WMON_ERC20,340.4,0,0,340.4,340400000000000000000,0,0,340400000000000000000,1,894
71013966,1777352752,0x5d3344ff696dfeb10b39f2f62cee040517aa77fedd9c6721d9c98125e60a191a,WMON_ERC20,367.5,0,0,367.5,367500000000000000000,0,0,367500000000000000000,1,469
71107122,1777389982,0xee6977b4cbc5536de6b20761778e1a7032ec0884a790074475eccbc81a8f8690,WMON_ERC20,344.4,0,0,344.4,344400000000000000000,0,0,344400000000000000000,1,856
71131280,1777399645,0xf2d2f2a2ac6c8a1aad74bc7ed78a85f27be3e58018846e03ea46f7d99b9aeec8,NATIVE_INTERNAL,0,349.999,0,349.999,0,349999000000000000000,0,349999000000000000000,1,883
71289108,1777462649,0x95d5ff195bd3692c914130fc4cc942dd10dc9bb9ba54d503b0eeb94cd9d9e6d6,NATIVE_INTERNAL,0,394.999,0,394.999,0,394999000000000000000,0,394999000000000000000,1,700
71314188,1777472671,0x60e15690d4e803484a54a1da8d4d0e9481dbbfb7bdadf185864c6b2d4c728b39,WMON_ERC20,328,0,0,328,328000000000000000000,0,0,328000000000000000000,1,305
71563674,1777572659,0x2320798e990c00f805133142087323a9f5effacbac520d0f3f035d57778dbd2d,NATIVE_INTERNAL,0,445,0,445,0,445000000000000000000,0,445000000000000000000,1,284
71594644,1777585028,0x90a096ef9ad92ca8dee6849c5c2fdb961408514fb5163a5c0ef09e1b1e8e678d,NATIVE_INTERNAL,0,2750,0,2750,0,2750000000000000000000,0,2750000000000000000000,1,749
71740695,1777643359,0xc95172774e3cfe9a513c6ff0c86996e0859b5d1c7d89ab3d845863dee45a9375,NATIVE_INTERNAL,0,349.799,0,349.799,0,349799000000000000000,0,349799000000000000000,1,925
71822126,1777675908,0xba1544722217337915a94dca0e1bf81b1fca5f4fa742f44a2e0c9303678d3bd2,NATIVE_INTERNAL,0,389.449,0,389.449,0,389449000000000000000,0,389449000000000000000,1,145
71978657,1777738435,0x8a251b568823ef4d27b7a4e5f1b87c371dfca9c2886af5c87fec7e3a845e68a4,WMON_ERC20,355.051,0,0,355.051,355051000000000000000,0,0,355051000000000000000,1,853
72089856,1777782829,0x27d51190d4f4d90cb52c91fc502fe96250e69e36a14a5d7f379b1a278583af28,NATIVE_INTERNAL,0,361.999,0,361.999,0,361999000000000000000,0,361999000000000000000,1,853
72126845,1777797597,0x4a9974bb0335ae12134af147c6c503e5067db3b1a9c1eb2f97132af30528289d,NATIVE_INTERNAL,0,349.999,0,349.999,0,349999000000000000000,0,349999000000000000000,1,795
72254970,1777849117,0x44195a3d234daaeef1ba7c39ada152f0238574410a2964c345c0e5e5047e3817,WMON_ERC20,330.001,0,0,330.001,330001000000000000000,0,0,330001000000000000000,1,933
72255018,1777849136,0x25a9826d84f45d98630eb434b94a20cddb53172d3d4311ac3ee4a492290a8e89,WMON_ERC20,330,0,0,330,330000000000000000000,0,0,330000000000000000000,1,790
72262051,1777851972,0x076cc474c8ae3fca7d363d9092241782e965f475ba8ae71ba0eff4d4eda4db84,NATIVE_INTERNAL,0,349.849,0,349.849,0,349849000000000000000,0,349849000000000000000,1,335
72264161,1777852825,0xe5ca264751d44ed7830faf25b8896c89da6f01f5fe352395026c571a50ae4a3c,WMON_ERC20,280.0545,0,0,280.0545,280054500000000000000,0,0,280054500000000000000,1,572
72479433,1777938980,0x409ca09d91f87e40ee9e03623c2b0d9be503343503b4a2e03fd8d21f956cadd3,WMON_ERC20,205.002,0,0,205.002,205002000000000000000,0,0,205002000000000000000,1,835
72561509,1777971764,0x532ac3063a9f049fccd565e7218e7049f43ca9a75cc68c7607a2a273ba0ee63a,WMON_ERC20,250.051,0,0,250.051,250051000000000000000,0,0,250051000000000000000,1,479
72587628,1777982206,0x0a28e91babd0c9188f01f1c4fcb6e50d25a57f6137df025bfed39cf96dc816de,NATIVE_INTERNAL,0,294.8175,0,294.8175,0,294817500000000000000,0,294817500000000000000,1,479
72707346,1778030058,0xac661516ea3046a8c2ea8045c313907c2dfc908577ba83c2d4412b4b5d0f870a,WMON_ERC20,257.901,0,0,257.901,257901000000000000000,0,0,257901000000000000000,1,370
72731479,1778039692,0x2f2e3bc8ee7e1ee0bcbaa60cb27e3df6346a684a51a164d479084098d1ee5b69,NATIVE_INTERNAL,0,279.999,0,279.999,0,279999000000000000000,0,279999000000000000000,1,370
72837647,1778082234,0x30f605fc0090d7e64baf33a3f494a8148444d645a5f522a8a2d314ad590bfb2a,NATIVE_INTERNAL,0,324.7,0,324.7,0,324700000000000000000,0,324700000000000000000,1,788
73007181,1778149949,0x0e016dab5785b6d821260f9c279efcd64ca8caefad2721669fb8f66c10f96695,NATIVE_INTERNAL,0,270.599,0,270.599,0,270599000000000000000,0,270599000000000000000,1,433
73041171,1778163511,0x7f4631c3744f2817139ffa688194b905562a91a4b217ac42c2480db42538787a,WMON_ERC20,270.5,0,0,270.5,270500000000000000000,0,0,270500000000000000000,1,812
73518521,1778354073,0x08845ed97f18766d9a140cf709ce7cd5a576da581fe6cace0b88e576715c31fa,NATIVE_INTERNAL,0,294.999,0,294.999,0,294999000000000000000,0,294999000000000000000,1,692
73576500,1778377179,0x2914335e9f3fb6939f9d97fb81e7f3a55c4e787cab16a0ac99555ec03c6be6ff,WMON_ERC20,215.0135,0,0,215.0135,215013500000000000000,0,0,215013500000000000000,1,573
73646719,1778405346,0x7250ba2563220acf8233ee6907debc1349ba8ba5743841bda42a4292311b9fce,NATIVE_INTERNAL,0,275,0,275,0,275000000000000000000,0,275000000000000000000,1,595
74151199,1778607828,0xe755d238646d949063f9916b6b7a3c0a51cd31983c29f10f257f06f96fb49e87,NATIVE_INTERNAL,0,247.496,0,247.496,0,247496000000000000000,0,247496000000000000000,1,957
74497094,1778745889,0xe637f32848fc1beed1c1574c34c6e9ecb10911874ce953217bd8481763f121fc,WMON_ERC20,245.755,0,0,245.755,245755000000000000000,0,0,245755000000000000000,1,629
74989951,1778943683,0xce59e1ab2995ed7ba8cbf6fce675aa6711cc1f0dc6c736c21f3d63d4cf88f309,WMON_ERC20,177.75,0,0,177.75,177750000000000000000,0,0,177750000000000000000,1,856
75151954,1779008547,0xdde30b0984745f1239946d23fe4c409a9c5636eff19cd370d78b198665eaac1a,NATIVE_INTERNAL,0,199.9865,0,199.9865,0,199986500000000000000,0,199986500000000000000,1,414
75225616,1779038072,0xdff041515ddb2794edb7a5f9799840aa3f566c931a745d598b3819dec3634841,WMON_ERC20,155.5,0,0,155.5,155500000000000000000,0,0,155500000000000000000,1,1005
75225740,1779038122,0x2649ad44c2b287f177140a9858b8f181f2efd2745ef95bf6b1770ca1b837efb6,WMON_ERC20,155.302,0,0,155.302,155302000000000000000,0,0,155302000000000000000,1,208
75225800,1779038147,0x6f2fd2a254d6cc2a31282c8f42eb0762fe7df7a7e9ae041105286f053b8f9f15,WMON_ERC20,155.303,0,0,155.303,155303000000000000000,0,0,155303000000000000000,1,874
75225858,1779038170,0xcd027e320cc76e5b4516566cc83eca1889ab89b67d4ae9ff967dd1a3b2c684bf,WMON_ERC20,155.3,0,0,155.3,155300000000000000000,0,0,155300000000000000000,1,614
75442651,1779125179,0xdb457d8ae3b6decdca2972b832af19095fd33ea9861b7b6c077c2853d8412e1c,NATIVE_INTERNAL,0,348.999,0,348.999,0,348999000000000000000,0,348999000000000000000,2,874;711
75444615,1779125962,0xa099fc04ae5760552cd74d2383078db50d9bb270c0e6eae47081cbd37753ae9b,NATIVE_INTERNAL,0,200,0,200,0,200000000000000000000,0,200000000000000000000,1,300
75565054,1779174612,0x981c7318feb632d9687d5ef95e1826d2d251f66cfc8bc3c8a8c26f9d1bd276e5,WMON_ERC20,200.001,0,0,200.001,200001000000000000000,0,0,200001000000000000000,1,621
75570689,1779176862,0x854f52e553b72ed92a0763c9e9f7fc24905d1f09fd56d742143154a4260188f0,NATIVE_INTERNAL,0,204.999,0,204.999,0,204999000000000000000,0,204999000000000000000,1,621
76162907,1779413726,0x291614d44b6bcee4325dafff65cee9e126550a08f643b6513a270e39ae7a7ce3,NATIVE_INTERNAL,0,275.0245,0,275.0245,0,275024500000000000000,0,275024500000000000000,1,602
76199302,1779428256,0x1e920b706c2f410f3faf47536fb658f7835c8527b48629509e3dd3558d146310,NATIVE_INTERNAL,0,354.999,0,354.999,0,354999000000000000000,0,354999000000000000000,1,757
76411289,1779512966,0x2798fb2534815bb4916b07c363bb912ea594b134b5c6f32cddd9106022b3a456,NATIVE_INTERNAL,0,421.649,0,421.649,0,421649000000000000000,0,421649000000000000000,1,187
76445437,1779526597,0xf3bec2d15779281d3d50b97bf14d7e907b6f2ca65b1fdbcbe33cdd091ef69270,NATIVE_INTERNAL,0,449.949,0,449.949,0,449949000000000000000,0,449949000000000000000,2,595;971
76536943,1779563152,0x8e39c1b8c36da139f38a1b0193068a673f396ebb585f7cec7d7072314cdd51da,NATIVE_INTERNAL,0,525,0,525,0,525000000000000000000,0,525000000000000000000,3,942;217;814
76543581,1779565810,0x7db2d5b90220c20260dfcd0aed4d22402c95f71219da107e9634442a46831015,NATIVE_INTERNAL,0,639.95,0,639.95,0,639950000000000000000,0,639950000000000000000,1,957
76544718,1779566263,0xe798afdcf84467478a05eae71e28a91bf9e6d8d88af615edd8c07869055ad8f1,NATIVE_INTERNAL,0,710,0,710,0,710000000000000000000,0,710000000000000000000,1,383
76549995,1779568372,0xdd9c336bffeeb5c861ccad168773c41cbe41ceba5e5f18d925b19254cb824df1,NATIVE_INTERNAL,0,710,0,710,0,710000000000000000000,0,710000000000000000000,1,853
76559721,1779572266,0xb3692954971f4c78b5399e8327fe4f6e0a9cfb96b9f4eb7f9dc2002a8865c72f,NATIVE_INTERNAL,0,700,0,700,0,700000000000000000000,0,700000000000000000000,1,585
76560024,1779572387,0xe57fa2bcdcad307c001ee2efc717e14167c4fb903dbbf4ed6ec83a272cf4afda,NATIVE_INTERNAL,0,749.95,0,749.95,0,749950000000000000000,0,749950000000000000000,1,387
76568114,1779575612,0xd0b0ef65c6d05a5b850ea7b81fe710a9072eb103c2184fa58755242cbb58427c,NATIVE_INTERNAL,0,750,0,750,0,750000000000000000000,0,750000000000000000000,4,909;285;906;815
76630733,1779600622,0x383e5434d31dc0ac57b8e03cb5270416268de133d0ee44cb9b9b46779730d7ea,NATIVE_INTERNAL,0,900,0,900,0,900000000000000000000,0,900000000000000000000,2,164;602
76762464,1779653204,0xb3b37932e577cf698db581cf45dca3f59fb690335018cabcc9c99863928a0172,WMON_ERC20,1402.222,0,0,1402.222,1402222000000000000000,0,0,1402222000000000000000,2,306;744
76910444,1779712305,0x8479cd24b796bce7af63ab7ab587c32505df3d2ac709e5f5bcc817e6713c5399,WMON_ERC20,652.55,0,0,652.55,652550000000000000000,0,0,652550000000000000000,1,585
77106091,1779790437,0x05d6635a15e5be07b29ac223e01efc41bc35c50d69bac22d8c0d4342e5438fc7,WMON_ERC20,755,0,0,755,755000000000000000000,0,0,755000000000000000000,1,1022
77114932,1779793957,0xf8a9da7322857af680b5dd4f44138c1f26ac6a375bdb370a598c9a9460bc2d93,WMON_ERC20,750,0,0,750,750000000000000000000,0,0,750000000000000000000,1,857
77409981,1779912158,0xa1754283c1bf71ac69b5ef56090e58f6a3fa726657cfede5f3c7743804325f13,NATIVE_INTERNAL,0,750,0,750,0,750000000000000000000,0,750000000000000000000,1,497
77556317,1779970639,0xfb5db14dcd5247ff50081ce0bad92c1260e9d2747f21470ec12904102604fa03,WMON_ERC20,662.45,0,0,662.45,662450000000000000000,0,0,662450000000000000000,1,212
77632517,1780001143,0x6fefec5d416e47a25bc847745390143bb045703545538d423b5be58648a9bce0,WMON_ERC20,600.2005,0,0,600.2005,600200500000000000000,0,0,600200500000000000000,1,933
77650961,1780008510,0x8258d845a14f45f2baeb3c9314d12afbb87d40d06c21dd6ba1032e8125073eb9,WMON_ERC20,600.2,0,0,600.2,600200000000000000000,0,0,600200000000000000000,1,779
77761193,1780052637,0x36a88e143f35400a1013d0c351920714cc9d3b1ff226e94809f881196e8def76,WMON_ERC20,567.5155,0,0,567.5155,567515500000000000000,0,0,567515500000000000000,1,295
77767806,1780055282,0x031018afcfce8b372a0276285f59e33d970ce1e855b855c1938a5812d30ed3cd,WMON_ERC20,555.6,0,0,555.6,555600000000000000000,0,0,555600000000000000000,1,677
